date,open,high,low,close,volume
2024-10-25 04:00:00,10.821595597940874,10.830789150053008,10.74804104324077,10.766429901123047,110575468.0
2024-10-28 04:00:00,10.738847073712098,10.738847073712098,10.60093327544271,10.702070236206055,116948698.0
2024-10-29 04:00:00,10.683681122280031,10.79401163214661,10.600933020672858,10.610127449035645,119802482.0
2024-10-30 04:00:00,10.573351247021874,10.646904924680923,10.361884642959357,10.407855033874512,148240279.0
2024-10-31 04:00:00,10.417049058745949,10.518185142397154,10.334300955381796,10.463020324707031,125020539.0
2024-11-01 04:00:00,10.463019977021618,10.619321749998019,10.426243140840638,10.508991241455078,158981111.0
2024-11-04 05:00:00,10.508991002732243,10.53657341003418,10.352689233306402,10.53657341003418,113151611.0
2024-11-05 05:00:00,10.499797062756773,10.72045808508722,10.472214654172708,10.711263656616211,166541840.0
2024-11-06 05:00:00,10.68368106767276,10.702069924304341,10.545768150251684,10.619321823120117,146228636.0
2024-11-07 05:00:00,10.573351688828318,10.968703380387192,10.554962830230679,10.95031452178955,224284379.0
2024-11-08 05:00:00,10.977896449908812,11.042256575340133,10.757235417418856,10.77562427520752,189510415.0
2024-11-11 05:00:00,10.692876103227288,10.73884737058796,10.545768749136329,10.66529369354248,148695164.0
2024-11-12 05:00:00,10.646904285657838,10.885954162116569,10.582545040776237,10.610127449035645,171766255.0
2024-11-13 05:00:00,10.573351028469192,10.757235218815902,10.554962171020028,10.674487113952637,108626328.0
2024-11-14 05:00:00,10.656098714020624,10.757234795524418,10.600933020672858,10.610127449035645,115978311.0
2024-11-15 05:00:00,10.573351312540176,10.674487400740812,10.499797634425347,10.51818561553955,121578351.0
2024-11-18 05:00:00,10.692875930005725,11.069838737964366,10.683681501316737,10.803206443786621,379732445.0
2024-11-19 05:00:00,10.803206982920738,10.996285610880141,10.619322784109169,10.738847732543945,243003665.0
2024-11-20 05:00:00,10.729652645128345,10.80320632014043,10.674486950454796,10.702070236206055,128657248.0
2024-11-21 05:00:00,10.683681729284539,10.71126413911107,10.628516909631477,10.656099319458008,88340806.0
2024-11-22 05:00:00,10.65609965790083,10.674487639426195,10.371078491210938,10.371078491210938,162531744.0
2024-11-25 05:00:00,10.371077355254933,10.426243047446722,10.242358868188978,10.279135704040527,116602032.0
2024-11-26 05:00:00,10.279136014751987,10.39866095408968,10.24235917778877,10.361884117126465,83107820.0
2024-11-27 05:00:00,10.334301842740555,10.47221565246582,10.251553732271203,10.47221565246582,89517805.0
2024-11-28 05:00:00,10.4722150493041,10.49979745892889,10.407854924407603,10.426243782043457,73316854.0
2024-11-29 05:00:00,10.453825896149022,10.536573999513175,10.42624348730396,10.463020324707031,102848758.0
2024-12-02 05:00:00,10.47221565246582,10.48140920498427,10.398661971343962,10.47221565246582,97543366.0
2024-12-03 05:00:00,10.453825075069801,10.573350006449129,10.435437096227005,10.564155578613281,108255936.0
2024-12-04 05:00:00,10.518184553946941,10.60093265268167,10.45382531129945,10.53657341003418,100747059.0
2024-12-05 05:00:00,10.51818561553955,10.554962454596964,10.490603205453741,10.51818561553955,68710883.0
2024-12-06 05:00:00,10.518184989509457,10.757234867569183,10.508991437914048,10.720458030700684,172626927.0
2024-12-09 05:00:00,10.692875568102911,10.775623669845201,10.656098731420666,10.729652404785156,96406316.0
2024-12-10 05:00:00,10.941120031359338,10.987091300767544,10.803207099963753,10.839983940124512,216780724.0
2024-12-11 05:00:00,10.839983391481232,10.876760229780606,10.775624143664574,10.784817695617676,96769145.0
2024-12-12 05:00:00,10.784817837775607,10.913537211934601,10.766429856798037,10.895149230957031,98623459.0
2024-12-13 05:00:00,10.839983759063871,10.849178188157744,10.628517150878906,10.628517150878906,134379289.0
2024-12-16 05:00:00,10.628516066288052,10.720457717357505,10.600932781821179,10.637709617614746,80571778.0
2024-12-17 05:00:00,10.637709911761668,10.71126358538266,10.591739523370263,10.600933074951172,80211995.0
2024-12-18 05:00:00,10.646904410977072,10.79401175919737,10.637709982506063,10.711263656616211,101658966.0
2024-12-19 05:00:00,10.656099319458008,10.702070587054891,10.610128051861123,10.656099319458008,69737904.0
2024-12-20 05:00:00,10.656099078833416,10.757235163799614,10.646904650155857,10.68368148803711,71464627.0
2024-12-23 05:00:00,10.702070467065825,10.885954658562698,10.702070467065825,10.784817695617676,165940476.0
2024-12-24 05:00:00,10.775623213174574,10.913536125681011,10.775623213174574,10.904341697692871,135083691.0
2024-12-25 05:00:00,10.90434224831416,11.051450473065968,10.885954268238283,10.959507942199707,147528294.0
2024-12-26 05:00:00,10.959507388792794,10.968701816780934,10.830788027445584,10.904341697692871,100007470.0
2024-12-27 05:00:00,10.913536365044028,10.941118772784488,10.72045775720294,10.87675952911377,129001228.0
2024-12-30 05:00:00,10.830788337817047,11.005478967282045,10.830788337817047,10.987090110778809,135184636.0
2024-12-31 05:00:00,10.968702037196321,11.023866852575862,10.757234573364258,10.757234573364258,147536733.0
2025-01-02 05:00:00,10.784817074397958,10.821594787407879,10.472214405274098,10.508991241455078,181959699.0
2025-01-03 05:00:00,10.518185142397154,10.610127674319319,10.44463146759101,10.463020324707031,115468044.0
2025-01-06 05:00:00,10.463020795367934,10.554962454596964,10.315913439138276,10.51818561553955,108553630.0
2025-01-07 05:00:00,10.49979812319249,10.600934216101026,10.4538268530235,10.58254623413086,74786288.0
2025-01-08 05:00:00,10.57335090637207,10.69287584792445,10.481408373845941,10.57335090637207,106238601.0
2025-01-09 05:00:00,10.57335064949406,10.57335064949406,10.435437730884413,10.48140811920166,75148330.0
2025-01-10 05:00:00,10.481407937575813,10.53657363016111,10.371077429234155,10.389466285705566,79813351.0
2025-01-13 05:00:00,10.343495719662663,10.352690148519098,10.187193936419218,10.297524452209473,93496618.0
2025-01-14 05:00:00,10.297524117978725,10.481408304994083,10.288329689420715,10.463020324707031,82462895.0
2025-01-15 05:00:00,10.463021446923003,10.646905653660943,10.444632587834677,10.554963111877441,103163082.0
2025-01-16 05:00:00,10.628516066288052,10.656098473925994,10.573350374183235,10.637709617614746,87296399.0
2025-01-17 05:00:00,10.600933667355362,10.619322525202696,10.499797579682022,10.527379989624023,68976486.0
2025-01-20 05:00:00,10.573351500467066,10.591740358737114,10.481408962774873,10.499797821044922,83202913.0
2025-01-21 05:00:00,10.527378960091827,10.527378960091827,10.407854026260175,10.417048454284668,90206894.0
2025-01-22 05:00:00,10.40785387139793,10.417048299285614,10.187192863066905,10.19638729095459,134712922.0
2025-01-23 05:00:00,10.269942107471044,10.481408711533561,10.269942107471044,10.407855033874512,151492027.0
2025-01-24 05:00:00,10.407854924407603,10.4722150493041,10.31591326671531,10.426243782043457,94494421.0
2025-01-27 05:00:00,10.463020631998562,10.619322414759331,10.463020631998562,10.545768737792969,115193471.0
2025-02-05 05:00:00,10.573349927434359,10.591738782968635,10.417048162708582,10.453824996948242,84343370.0
2025-02-06 05:00:00,10.435438977548023,10.527380641995226,10.389467706909892,10.444632530212402,95560325.0
2025-02-07 05:00:00,10.44463146759101,10.527379570955166,10.398661078458899,10.463020324707031,140749262.0
2025-02-10 05:00:00,10.463019977021618,10.573350485564559,10.444631120516659,10.508991241455078,102659093.0
2025-02-11 05:00:00,10.481408962774873,10.545769089891017,10.453826552198825,10.499797821044922,84452003.0
2025-02-12 05:00:00,10.490603391909897,10.508992250179945,10.426244141622776,10.499797821044922,98880683.0
2025-02-13 05:00:00,10.499797231082757,10.619322172635135,10.481408373845941,10.57335090637207,135863927.0
2025-02-14 05:00:00,10.56415613005432,10.619321823120117,10.508991313817468,10.619321823120117,97305774.0
2025-02-17 05:00:00,10.665293283786156,10.849177469335098,10.61932201819168,10.830788612365723,206196542.0
2025-02-18 05:00:00,10.81240046971561,10.996284652500783,10.81240046971561,10.85837173461914,199661049.0
2025-02-19 05:00:00,10.849178007935285,10.858372436876424,10.738847491128636,10.766429901123047,117774895.0
2025-02-20 05:00:00,10.766429295993547,10.812400561286411,10.71126360227632,10.720458030700684,78439627.0
2025-02-21 05:00:00,10.74804062546688,10.766429482634386,10.619322132610217,10.702070236206055,97396897.0
2025-02-24 05:00:00,10.692876158169716,10.748040977822777,10.628516909631477,10.656099319458008,94995617.0
2025-02-25 05:00:00,10.628516843587375,10.64690482441447,10.536574308964925,10.545768737792969,91715602.0
2025-02-26 05:00:00,10.545768388751338,10.665293329072915,10.545768388751338,10.591739654541016,84164552.0
2025-02-27 05:00:00,10.600933383597047,10.692875916714668,10.5365741365121,10.68368148803711,97730975.0
2025-02-28 05:00:00,10.646904340171531,10.738846870612248,10.573350666550539,10.600933074951172,94908806.0
2025-03-03 05:00:00,10.591740663530468,10.628517504299849,10.527380534562264,10.58254623413086,83045695.0
2025-03-04 05:00:00,10.545769393361478,10.619323074900242,10.518186105162656,10.58254623413086,68317873.0
2025-03-05 05:00:00,10.591739540075412,10.729652459125047,10.554961826377957,10.720458030700684,108064544.0
2025-03-06 05:00:00,10.748040680247323,10.75723510887794,10.66529345305871,10.692875862121582,87740771.0
2025-03-07 05:00:00,10.692875568102911,10.748040384711803,10.665293159798464,10.729652404785156,83553669.0
2025-03-10 04:00:00,10.720458567996246,10.729652996881422,10.6193224807463,10.656099319458008,66383393.0
2025-03-11 04:00:00,10.610127866538534,10.674487113952637,10.591739885918354,10.674487113952637,60897527.0
2025-03-12 04:00:00,10.6652937693489,10.913537211934601,10.628516930564759,10.895149230957031,187731840.0
2025-03-13 04:00:00,10.858372446852806,10.950314105861652,10.830789160004047,10.885954856872559,131237121.0
2025-03-14 04:00:00,10.867566008741333,11.033062222666615,10.867566008741333,11.00547981262207,172241765.0
2025-03-17 04:00:00,10.69287584792445,10.729652685569107,10.536574068727413,10.57335090637207,460361210.0
2025-03-18 04:00:00,10.591738862120826,10.610126840963623,10.554961150777434,10.564155578613281,160529000.0
2025-03-19 04:00:00,10.554961940446102,10.60093320623578,10.536573960227608,10.591739654541016,136245491.0
2025-03-20 04:00:00,10.582544434284978,10.674486082156761,10.564155578613281,10.564155578613281,110115724.0
2025-03-21 04:00:00,10.564157071332042,10.591740358737114,10.472215410468873,10.499797821044922,137638897.0
2025-03-24 04:00:00,10.490602733552093,10.518185142397154,10.42624348730396,10.463020324707031,116457734.0
2025-03-25 04:00:00,10.463019977021618,10.508991241455078,10.444631120516659,10.508991241455078,73560888.0
2025-03-26 04:00:00,10.499797162110102,10.508991590668114,10.453825896149022,10.463020324707031,74086307.0
2025-03-27 04:00:00,10.453826793770835,10.490603634331764,10.435438811904891,10.47221565246582,55334940.0
2025-03-28 04:00:00,10.472214994377753,10.481408546318468,10.426243727358226,10.43543815612793,64494555.0
2025-03-31 04:00:00,10.444631397518354,10.463020254511003,10.352689743041992,10.352689743041992,111612564.0
2025-04-01 04:00:00,10.361884117126465,10.389466525641637,10.315912851715204,10.361884117126465,68147042.0
2025-04-02 04:00:00,10.343494494229263,10.4906018311879,10.343494494229263,10.453824996948242,93264176.0
2025-04-03 04:00:00,10.398661372418669,10.4722150493041,10.389466943600741,10.426243782043457,64391391.0
2025-04-07 04:00:00,10.113640100954004,10.159611367687774,9.635540329849176,9.837813377380371,254556048.0
2025-04-08 04:00:00,9.819425463510946,9.9757272453705,9.801036605960885,9.94814395904541,146398771.0
2025-04-09 04:00:00,9.865396038747525,9.957338574564174,9.801036789773274,9.929756164550781,106439405.0
2025-04-10 04:00:00,9.984920208271022,10.049280329070413,9.948143372169486,10.021697044372559,86654805.0
2025-04-11 04:00:00,9.994114767256585,10.021697175486363,9.957337930673898,10.012503623962402,58387902.0
2025-04-14 04:00:00,10.067668145965039,10.150416245063125,10.040085738541984,10.049280166625977,78599345.0
2025-04-15 04:00:00,10.040086505265503,10.086057772367194,10.02169764769323,10.067668914794922,72275410.0
2025-04-16 04:00:00,10.049280585927507,10.122834260010594,10.030891728992255,10.113639831542969,84282217.0
2025-04-17 04:00:00,10.06766816689912,10.187193101752785,10.049280187521822,10.168805122375488,82391931.0
2025-04-18 04:00:00,10.150416340145641,10.288329255381717,10.141221911975522,10.279135704040527,72709815.0
2025-04-21 04:00:00,10.113640674917537,10.233165624476955,10.086058264043526,10.13202953338623,111418418.0
2025-04-22 04:00:00,10.13202934658022,10.168806186010515,10.095251630320908,10.15041732788086,83112887.0
2025-04-23 04:00:00,10.150416614053176,10.159611042471408,10.086057368783475,10.122834205627441,58638293.0
2025-04-24 04:00:00,10.113639592200897,10.16880528487218,10.10444516395086,10.14122200012207,68925613.0
2025-04-25 04:00:00,10.150416614053176,10.159611042471408,10.10444534879098,10.122834205627441,63754686.0
2025-04-28 04:00:00,10.113639831542969,10.150416668584512,10.076862994501425,10.113639831542969,64201837.0
2025-04-29 04:00:00,10.113639940507396,10.13202879764077,10.067668674502933,10.095251083374023,64904494.0
2025-04-30 04:00:00,10.076863640588003,10.086058069645137,10.012504390846095,10.030892372131348,86983492.0
2025-05-06 04:00:00,10.04008645076348,10.113640126995309,10.01250404138379,10.076863288879395,85467127.0
2025-05-07 04:00:00,10.122834020450934,10.150416428372107,10.086057184279726,10.14122200012207,112627001.0
2025-05-08 04:00:00,10.113641140615147,10.18719482421875,10.10444671095743,10.18719482421875,105661366.0
2025-05-09 04:00:00,10.177998908919838,10.2699414384184,10.168805357433138,10.25155258178711,99989747.0
2025-05-12 04:00:00,10.260747909545898,10.315913607446573,10.233165499010072,10.260747909545898,89560460.0
2025-05-13 04:00:00,10.288329382442269,10.417048747926836,10.251552546136528,10.380271911621094,126103062.0
2025-05-14 04:00:00,10.380271876407178,10.545768077636058,10.343495040226198,10.508991241455078,168351358.0
2025-05-15 04:00:00,10.50899249302675,10.573351744801116,10.463021223118329,10.47221565246582,103546026.0
2025-05-16 04:00:00,10.453825896149022,10.508991590668114,10.398661078458899,10.463020324707031,91474445.0
2025-05-19 04:00:00,10.481407403420762,10.545767520961837,10.444630569181104,10.453824996948242,83139060.0
2025-05-20 04:00:00,10.48140920498427,10.545769333587678,10.453826793770835,10.47221565246582,64363480.0
2025-05-21 04:00:00,10.481409429182266,10.656100083205105,10.472215876467166,10.554963111877441,132827810.0
2025-05-22 04:00:00,10.527379293620104,10.628516251435908,10.518184865304313,10.619321823120117,100296806.0
2025-05-23 04:00:00,10.591739101466972,10.591739101466972,10.508991002732243,10.53657341003418,96264311.0
2025-05-26 04:00:00,10.518185802485947,10.573351500467066,10.481408962774873,10.499797821044922,69915858.0
2025-05-27 04:00:00,10.527378744098788,10.610126840963623,10.499796337420143,10.564155578613281,80191514.0
2025-05-28 04:00:00,10.573350666550539,10.619321931770896,10.518184972920318,10.600933074951172,65817947.0
2025-05-29 04:00:00,10.591739101466972,10.619321508768909,10.52737898199056,10.53657341003418,91980676.0
2025-05-30 04:00:00,10.545769042692088,10.646905132237633,10.51818575541047,10.628517150878906,113084931.0
2025-06-03 04:00:00,10.610127430237444,10.950313387597253,10.60093300189095,10.85837173461914,219247966.0
2025-06-04 04:00:00,10.867565998973387,10.922731695841899,10.830789160004047,10.885954856872559,116795950.0
2025-06-05 04:00:00,10.92273101657418,10.950313424878626,10.720457976407356,10.729652404785156,116680349.0
2025-06-06 04:00:00,10.757234573364258,10.839982673262503,10.738846593847388,10.757234573364258,68235251.0
2025-06-09 04:00:00,10.78481788217632,10.803206740058597,10.71126420430522,10.766429901123047,77325468.0
2025-06-10 04:00:00,10.775623633158576,10.93192540773321,10.766429204812079,10.85837173461914,142813180.0
2025-06-11 04:00:00,10.867565944247174,10.968702908525312,10.839983534366318,10.895149230957031,109466664.0
2025-06-12 04:00:00,10.963432841569356,11.096207396115803,10.925497125347682,11.077239990234375,129022047.0
2025-06-13 04:00:00,11.077240642533404,11.134143767987327,10.96343348716669,10.982400894165039,109549419.0
2025-06-16 04:00:00,10.972916478586267,11.181563377380371,10.934980761029054,11.181563377380371,117443827.0
2025-06-17 04:00:00,11.181563018965917,11.26691860684837,11.105691586283475,11.153111457824707,89002734.0
2025-06-18 04:00:00,11.172078999757991,11.20053146570436,11.058271849349012,11.162595748901367,68352111.0
2025-06-19 04:00:00,11.153111646416832,11.172079052678757,11.048787746370307,11.096207618713379,83224716.0
2025-06-20 04:00:00,11.096207465578592,11.247950331415202,11.067755904348934,11.228982925415039,130919782.0
2025-06-23 04:00:00,11.200531532989379,11.352274401112917,11.067756071151864,11.314338684082031,138917048.0
2025-06-24 04:00:00,11.28588621796474,11.3902101181438,11.228983094647832,11.314338684082031,130852531.0
2025-06-25 04:00:00,11.314338396377043,11.456597105510745,11.219498653982031,11.437629699707031,167511647.0
2025-06-26 04:00:00,11.428146030510316,11.835954769448087,11.390210312831014,11.769567489624023,217457766.0
2025-06-27 04:00:00,11.731632036293359,11.93079478471213,11.504017725088724,11.570405006408691,237760015.0
2025-06-30 04:00:00,11.513502178277609,11.541953741798489,11.342790988234531,11.447113990783691,150481965.0
2025-07-01 04:00:00,11.437629804004999,11.69369566367245,11.437629804004999,11.665244102478027,135434108.0
2025-07-02 04:00:00,11.674728480017517,11.76956732062455,11.598856141289515,11.684211730957031,120041184.0
2025-07-03 04:00:00,11.69369629273112,11.77905188536489,11.646276418550263,11.712664604187012,79408597.0
2025-07-04 04:00:00,11.712664827077305,12.063570455559136,11.665244951994055,11.949763298034668,177533267.0
2025-07-07 04:00:00,11.949762633456698,12.158408625085073,11.949762633456698,12.12047290802002,149540653.0
2025-07-08 04:00:00,12.092022134563676,12.177377729638726,11.997182383489422,12.035118103027344,109098597.0
2025-07-09 04:00:00,12.00666557075474,12.234279869617668,12.00666557075474,12.177376747131348,120596330.0
2025-07-10 04:00:00,12.158408835687709,12.64208991498938,12.129957273510804,12.499831199645996,248141553.0
2025-07-11 04:00:00,12.509313936790072,12.613637834584027,12.224796517792639,12.24376392364502,244374350.0
2025-07-14 04:00:00,12.205829053268939,12.49034739644053,12.196344897456148,12.310152053833008,187289585.0
2025-07-15 04:00:00,12.319635979763465,12.367055853483695,12.054085953172576,12.073053359985352,181053131.0
2025-07-16 04:00:00,12.073053241500789,12.101505708129014,11.854923090770855,11.987698554992676,192786379.0
2025-07-17 04:00:00,11.959246414101257,12.044602007393074,11.892859132411568,11.940279006958008,94464140.0
2025-07-18 04:00:00,11.968730006510354,12.09202131274398,11.949762600259938,12.044601440429688,124120611.0
2025-07-21 04:00:00,11.987699103366788,12.054086386285139,11.902343508495251,11.959246635437012,107902662.0
2025-07-22 04:00:00,11.94976285946044,11.94976285946044,11.684211930523912,11.845438957214355,193522916.0
2025-07-23 04:00:00,11.816987885088636,11.978214918465794,11.807503729134947,11.88337516784668,137052000.0
2025-07-24 04:00:00,11.883374884995678,11.883374884995678,11.69369629273112,11.712664604187012,195935057.0
2025-07-25 04:00:00,11.69369629273112,11.8169876038178,11.684212137003176,11.712664604187012,110826666.0
2025-07-28 04:00:00,11.712664043026082,11.883374315655914,11.68421157720542,11.816987037658691,123824278.0
2025-07-29 04:00:00,11.816987467152892,11.864407340785332,11.703180313110352,11.703180313110352,101281801.0
2025-07-30 04:00:00,11.712664397204946,11.987698577242966,11.703180241644603,11.845438957214355,171516360.0
2025-07-31 04:00:00,11.864406892821775,11.90234260940362,11.589372721488699,11.598855972290039,169008125.0
2025-08-01 04:00:00,11.608340755365496,11.69369634840565,11.522985162325345,11.646276473999023,101218698.0
2025-08-04 04:00:00,11.608340075630359,11.74111553530237,11.579888514435936,11.665244102478027,103268969.0
2025-08-05 04:00:00,11.66524430506888,11.854922890423895,11.64627599430396,11.826471328735352,113207820.0
2025-08-06 04:00:00,11.826471192932246,11.873891064841187,11.760083010476196,11.816987037658691,69044765.0
2025-08-07 04:00:00,11.79801886258797,11.883374452112436,11.750599894593346,11.826471328735352,72205305.0
2025-08-08 04:00:00,11.8359546330315,11.883374505698796,11.750599947580978,11.760083198547363,82979591.0
2025-08-11 04:00:00,11.760082941279045,11.779051251714542,11.636792541283604,11.665244102478027,93435315.0
2025-08-12 04:00:00,11.66524445996735,11.760083301674769,11.66524445996735,11.693696022033691,68005619.0
2025-08-13 04:00:00,11.731631843661118,11.760083405979806,11.598856378742472,11.62730884552002,111981305.0
2025-08-14 04:00:00,11.63679319218753,11.703180473507498,11.560920850660446,11.570405006408691,124104129.0
2025-08-15 04:00:00,11.598857005601007,11.598857005601007,11.323822809765874,11.456598281860352,194850295.0
2025-08-18 04:00:00,11.437630874109088,11.522985565678136,11.40917840579383,11.456598281860352,123905837.0
2025-08-19 04:00:00,11.475565415773273,11.494532821576987,11.39969398364079,11.437629699707031,89285989.0
2025-08-20 04:00:00,11.437630739249329,11.49453386629109,11.361758395762152,11.447113990783691,104873853.0
2025-08-21 04:00:00,11.428145665757855,11.560920221168212,11.40917735529419,11.522984504699707,121741825.0
2025-08-22 04:00:00,11.522984382511964,11.541952692774492,11.361757363115734,11.437629699707031,164425977.0
2025-08-25 04:00:00,11.494533790221181,11.883375138782515,11.475566382819084,11.807503700256348,304508753.0
2025-08-26 04:00:00,11.807503534850309,11.854923409379603,11.665244815721305,11.722147941589355,138359861.0
2025-08-27 04:00:00,11.684211401908195,11.722147117974437,11.428145544575766,11.437629699707031,186004950.0
2025-08-28 04:00:00,11.466082437965436,11.513502314031957,11.35227527808113,11.456598281860352,165358793.0
2025-08-29 04:00:00,11.428145408630371,11.5893724261087,11.409177098593483,11.428145408630371,180512568.0
2025-09-01 04:00:00,11.428145334931012,11.428145334931012,11.238466758079381,11.276402473449707,185845902.0
2025-09-02 04:00:00,11.238467823815691,11.371242387973357,11.228983667959035,11.3617582321167,149271566.0
2025-09-03 04:00:00,11.361758279277598,11.390210746965671,11.134143964526338,11.143628120422363,136723249.0
2025-09-04 04:00:00,11.153112140907457,11.162596296688331,11.00136926624894,11.134143829345703,129530002.0
2025-09-05 04:00:00,11.124659451999825,11.13414360759181,11.029820609456555,11.1151762008667,81966156.0
2025-09-08 04:00:00,11.10569177407376,11.172079052678757,11.06775605709107,11.096207618713379,92443104.0
2025-09-09 04:00:00,11.105692401297153,11.172079683651548,11.077240838067967,11.143628120422363,86053917.0
2025-09-10 04:00:00,11.134143282954998,11.181563155073448,11.105691721467462,11.162595748901367,79266839.0
2025-09-11 04:00:00,11.162595782656282,11.2384672164917,11.105691755050303,11.2384672164917,96393163.0
2025-09-12 04:00:00,11.219499199001953,11.266919072503018,11.096207889682729,11.1151762008667,94038510.0
2025-09-15 04:00:00,11.09620794441367,11.115176255691198,11.029820663860047,11.048788070678711,84038656.0
2025-09-16 04:00:00,11.058272139946888,11.105692013311474,11.010852266582303,11.039304733276367,70804849.0
2025-09-17 04:00:00,11.039304733276367,11.067756295511577,10.982400704347095,11.039304733276367,77112893.0
2025-09-18 04:00:00,11.04878797450359,11.058272130059798,10.792722105697944,10.821173667907715,138616040.0
2025-09-19 04:00:00,10.821173208709551,10.916012951329387,10.78323749255338,10.859108924865723,83465123.0
2025-09-22 04:00:00,10.849625829589966,10.878078297830672,10.783238545946132,10.792722702026367,59640232.0
2025-09-23 04:00:00,10.783237441793611,10.9824001767907,10.735817570706912,10.925497055053711,134143022.0
2025-09-24 04:00:00,10.91601404568055,11.020337049453897,10.840142605761951,10.8685941696167,113958347.0
2025-09-25 04:00:00,10.84014184314304,10.878077560433509,10.773753659540585,10.811689376831055,77327594.0
2025-09-26 04:00:00,10.802206125852571,10.849625094121524,10.735817942250117,10.811689376831055,75323875.0
2025-09-29 04:00:00,10.811689018184733,10.88756045024886,10.688398619424643,10.78323745727539,117601243.0
2025-09-30 04:00:00,10.78323805387752,10.78323805387752,10.707366617615671,10.754786491394043,83247947.0
2025-10-09 04:00:00,10.745302097687444,10.821173532268384,10.688398973981162,10.811689376831055,104746906.0
2025-10-10 04:00:00,10.783238219759841,10.89704537590335,10.773754063966496,10.840142250061035,108794775.0
2025-10-13 04:00:00,10.735817942250117,10.868593404996181,10.697882224959647,10.811689376831055,116880173.0
2025-10-14 04:00:00,10.802206324373408,11.001369069923259,10.77375385753853,10.972916603088379,184342836.0
2025-10-15 04:00:00,10.978725757714363,11.056177010905609,10.90127450452312,11.036813735961914,127106103.0
2025-10-16 04:00:00,11.01745124015118,11.182035381852003,10.998087965460845,11.172353744506836,126193687.0
2025-10-17 04:00:00,11.133628264096854,11.2110795172881,11.017451384309986,11.036813735961914,103966632.0
2025-10-20 04:00:00,11.046495501697962,11.08522112874324,10.910956268685378,11.056177139282227,95264110.0
2025-10-21 04:00:00,11.03681392802141,11.104584468211899,11.027133213672867,11.065858840942383,76116462.0
2025-10-22 04:00:00,11.0368144380659,11.172354601418814,11.0368144380659,11.152992248535156,83370319.0
2025-10-23 04:00:00,11.152991906277991,11.336938407841112,11.133628630696718,11.25948715209961,137311158.0
2025-10-24 04:00:00,11.230442774361148,11.307894027429148,11.182035510370707,11.191717147827148,98047530.0
2025-10-27 04:00:00,11.172354601418814,11.240124221449358,11.075540067125043,11.152992248535156,123948526.0
2025-10-28 04:00:00,11.16267267434769,11.21107994024139,11.05617742801499,11.104584693908691,82156818.0
2025-10-29 04:00:00,11.094902603487713,11.094902603487713,10.998088075649575,11.027132987976074,96621364.0
2025-10-30 04:00:00,11.017451286315918,11.104584176204012,10.998088011544448,11.017451286315918,94377015.0
2025-10-31 04:00:00,11.017451887898071,11.036814240435017,10.940000631166667,10.959362983703613,97019293.0
2025-11-03 05:00:00,10.978725948763028,11.075539555290923,10.940000321493512,11.065858840942383,95232643.0
2025-11-04 05:00:00,11.05617715316132,11.269168563823609,11.036813877968484,11.2207612991333,150300748.0
2025-11-05 05:00:00,11.220761868565699,11.230443506653442,11.133628972359672,11.152992248535156,79492605.0
2025-11-06 05:00:00,11.133628908842491,11.21108016651892,11.104584918036787,11.143310546875,76658546.0
2025-11-07 05:00:00,11.152991457256196,11.21107943507779,11.13362818245449,11.182035446166992,73485055.0
2025-11-10 05:00:00,11.152991906277991,11.269168789890246,11.085221365035329,11.25948715209961,82720833.0
2025-11-11 05:00:00,11.249805738440106,11.317575357741152,11.201398471814294,11.298213005065918,88650887.0
2025-11-12 05:00:00,11.327257059510343,11.414389955269101,11.278849792611942,11.307894706726074,114132538.0
2025-11-13 05:00:00,11.307894803422231,11.346620432613738,11.201398630676714,11.32725715637207,97899103.0
2025-11-14 05:00:00,11.29821250347812,11.462796648724025,11.288530865924413,11.375663757324219,131699498.0
2025-11-17 05:00:00,11.37566426235049,11.37566426235049,11.249805738440106,11.298213005065918,99523287.0
2025-11-18 05:00:00,11.278849278128247,11.317574905222138,11.201398023940467,11.2207612991333,67007735.0
2025-11-19 05:00:00,11.211079896818445,11.45311530205769,11.201398259018845,11.424071311950684,133499619.0
2025-11-20 05:00:00,11.41438996160844,11.608018106017763,11.365982694683154,11.472478866577148,163703985.0
2025-11-21 05:00:00,11.42407162685954,11.501522884807727,11.288531463804299,11.317575454711914,146535888.0
2025-11-24 05:00:00,11.327256607434565,11.35630059709772,11.230443000793457,11.230443000793457,111711880.0
2025-11-25 05:00:00,11.240123886925451,11.424071311950684,11.211079896818445,11.424071311950684,102808052.0
2025-11-26 05:00:00,11.433753264926018,11.472478893900112,11.27884982573782,11.317575454711914,82130109.0
2025-11-27 05:00:00,11.28853064084633,11.33693790435791,11.211079388544505,11.33693790435791,101184710.0
2025-11-28 05:00:00,11.298212651571168,11.307894289251777,11.211079759029253,11.240123748779297,88435845.0
2025-12-01 05:00:00,11.23044348198907,11.327257092778392,11.162672938815538,11.317575454711914,103732271.0
2025-12-02 05:00:00,11.30789448185,11.35630082449394,11.220761587824022,11.269168853759766,76805993.0
2025-12-03 05:00:00,11.269168336191145,11.327256314012738,11.17235380876614,11.182035446166992,94460109.0
2025-12-04 05:00:00,11.182036047793396,11.211080038266845,11.094903153081239,11.123947143554688,88608988.0
2025-12-05 05:00:00,11.12394736734671,11.172354634637525,11.03681447088161,11.162672996520996,89076609.0
2025-12-08 05:00:00,11.123947334271929,11.230443506653442,11.114265696184187,11.152992248535156,85589893.0
2025-12-09 05:00:00,11.152991733121738,11.172354085110603,11.065858840942383,11.065858840942383,73395745.0
2025-12-10 05:00:00,11.075539933165388,11.09490320910667,10.930319056773016,10.96904468536377,104406472.0
2025-12-11 05:00:00,10.988407233289108,11.027132859314168,10.939999969934844,11.007769584655762,92526129.0
2025-12-12 05:00:00,11.007770441558002,11.065859346763414,10.940000821561544,10.988408088684082,119189472.0
2025-12-15 05:00:00,10.978726393489636,11.172354537680706,10.969044755457126,11.143310546875,94083253.0
2025-12-16 05:00:00,11.123947079760761,11.18203598366634,11.075539813721413,11.114265441894531,64735136.0
2025-12-17 05:00:00,11.104585014405481,11.21108026381181,11.056177747114667,11.162672996520996,70149533.0
2025-12-18 05:00:00,11.143310331643553,11.278849568313472,11.114265418107026,11.269168853759766,79046654.0
2025-12-19 05:00:00,11.259487088175124,11.278849440354675,11.211079822788562,11.249805450439453,64988619.0
2025-12-22 05:00:00,11.240124221449358,11.240124221449358,11.143310610447413,11.152992248535156,74236916.0
2025-12-23 05:00:00,11.152991521293147,11.230442774361148,11.133628246380265,11.191717147827148,66626574.0
2025-12-24 05:00:00,11.182035381852003,11.21107937059575,11.123946481072755,11.172353744506836,50524356.0
2025-12-25 05:00:00,11.172353872914265,11.249805125982265,11.152991521293147,11.191717147827148,54745523.0
2025-12-26 05:00:00,11.19171701919717,11.220761007940917,11.162672107161669,11.172353744506836,43633984.0
2025-12-29 05:00:00,11.172353872914265,11.249805125982265,11.133628246380265,11.191717147827148,64829542.0
2025-12-30 05:00:00,11.16267270793388,11.19171762153257,11.085221451587644,11.114265441894531,58258433.0
2025-12-31 05:00:00,11.114265053735261,11.123946691263365,11.036813800093967,11.04649543762207,59062037.0
2026-01-05 05:00:00,11.056177587981042,11.143310483192023,11.046495950003862,11.133628845214844,87549118.0
2026-01-06 05:00:00,11.133628852513246,11.307894643049442,11.114265576546195,11.298213005065918,130464842.0
2026-01-07 05:00:00,11.28853120615898,11.443433718519918,11.249805578068747,11.269168853759766,96623624.0
2026-01-08 05:00:00,11.269169071422152,11.278849786162839,11.123947270809984,11.143310546875,110008511.0
2026-01-09 05:00:00,11.162672610134791,11.162672610134791,11.07553971668572,11.094902992248535,98339004.0
2026-01-12 05:00:00,11.085221451587644,11.123947079760761,11.056177461280758,11.114265441894531,85521298.0
2026-01-13 05:00:00,11.11426540845399,11.17235431218479,11.07553978039739,11.104584693908691,106154122.0
2026-01-14 05:00:00,11.104585009319303,11.104585009319303,10.988408121849655,10.998088836669922,127475714.0
2026-01-15 05:00:00,10.969044588195723,11.00777021644343,10.940000597832896,10.949682235717773,88495977.0
2026-01-16 05:00:00,10.97872647855624,10.97872647855624,10.8044606857881,10.833504676818848,111947254.0
2026-01-19 05:00:00,10.794778662540892,10.8528675658217,10.756053034784285,10.765734672546387,80474131.0
2026-01-20 05:00:00,10.765734896948887,10.843186154076504,10.75605325898498,10.804460525512695,77227609.0
2026-01-21 05:00:00,10.794778371343831,10.823823283846624,10.707646403710761,10.717327117919922,90012491.0
2026-01-22 05:00:00,10.717327117919922,10.794778371343831,10.697964766209829,10.717327117919922,78863462.0
2026-01-23 05:00:00,10.717327622733682,10.736690898647606,10.630194727704659,10.639876365661621,110999429.0
2026-01-26 05:00:00,10.630194566684288,10.70764674587496,10.572106586406033,10.610832214355469,110624665.0
2026-01-27 05:00:00,10.610832086422315,10.678601703693792,10.581788096633366,10.591468811035156,89409121.0
2026-01-28 05:00:00,10.591469219928866,10.639876486973781,10.475292332996164,10.49465560913086,143876603.0
2026-01-29 05:00:00,10.49465533050716,10.630194566684288,10.320389543088794,10.610832214355469,185299383.0
2026-01-30 05:00:00,10.591469155690149,10.678602051184159,10.484973907470703,10.484973907470703,109175497.0
2026-02-02 05:00:00,10.475292429442739,10.678602214269809,10.455930076421598,10.514018058776855,122317302.0
2026-02-03 05:00:00,10.543062876175775,10.552743590951298,10.426885989243072,10.49465560913086,80662816.0
2026-02-04 05:00:00,10.504337031468866,10.630194630592335,10.494655393600352,10.620513916015625,69541547.0
2026-02-05 05:00:00,10.630194354040755,10.756052873181734,10.610832002099254,10.736690521240234,117759109.0
2026-02-06 05:00:00,10.727008657219061,10.785097558401096,10.63987576709189,10.697964668273926,72770959.0
2026-02-09 05:00:00,10.697964766209829,10.756052744631877,10.659239139497874,10.717327117919922,61971670.0
2026-02-10 05:00:00,10.717327084112705,10.746371996523878,10.668920743344286,10.707646369934082,60042999.0
2026-02-11 05:00:00,10.707646403710761,10.736690392921783,10.668920776998807,10.717327117919922,43104098.0
2026-02-12 05:00:00,10.71732746039347,10.72700909820378,10.581788224216341,10.610832214355469,68134024.0
2026-02-13 05:00:00,10.610831924164883,10.6398759135097,10.552743022183474,10.562424659729004,55504736.0
2026-02-24 05:00:00,10.581787934820065,10.601150286619353,10.533380670384187,10.562424659729004,60251240.0
2026-02-25 05:00:00,10.56242532626746,10.601150955601575,10.436566800108624,10.514018058776855,106313487.0
2026-02-26 05:00:00,10.514017169425152,10.562424432821118,10.455929191983396,10.523698806762695,71273019.0
2026-02-27 05:00:00,10.514017331413783,10.572106233042264,10.494654979732134,10.552742958068848,61222796.0
2026-03-02 05:00:00,10.504337310791016,10.543062940003027,10.426886052366994,10.504337310791016,83887355.0
2026-03-03 05:00:00,10.504336519524614,10.60115012361599,10.455929255833047,10.533380508422852,102869483.0
2026-03-04 05:00:00,10.494654864643467,10.494654864643467,10.330070722341393,10.368796348571777,108971396.0
2026-03-05 05:00:00,10.378478563137623,10.494655448289798,10.359115287299687,10.465611457824707,71264118.0
2026-03-06 05:00:00,10.436566577303166,10.494655481710144,10.42688586264518,10.475292205810547,47657680.0
2026-03-09 04:00:00,10.446247892859464,10.475291882520688,10.397840627896237,10.417203903198242,83589238.0
2026-03-10 04:00:00,10.426885829440648,10.465611457824707,10.38815927776478,10.465611457824707,79011168.0
2026-03-11 04:00:00,10.446247682109755,10.552742924246921,10.426885330490164,10.543062210083008,72053464.0
2026-03-12 04:00:00,10.52369919376368,10.610832086422315,10.50433684166831,10.591468811035156,75490558.0
2026-03-13 04:00:00,10.572106425386464,10.649557680105708,10.533380798026842,10.581788063049316,84193915.0
2026-03-16 04:00:00,10.581787998993406,10.620513626118605,10.533380734263961,10.57210636138916,71560301.0
2026-03-17 04:00:00,10.562425330578167,10.71732784797785,10.552743692417728,10.67860221862793,107665681.0
2026-03-18 04:00:00,10.688283470254342,10.688283470254342,10.562424948595723,10.610832214355469,79107940.0
2026-03-19 04:00:00,10.572106134717753,10.620513398409322,10.51401723362952,10.533380508422852,62421195.0
2026-03-20 04:00:00,10.523699212087395,10.59146882947687,10.417203967147962,10.426885604858398,83408256.0
2026-03-23 04:00:00,10.339752787304022,10.339752787304022,10.097717382532238,10.117079734802246,158008833.0
2026-03-24 04:00:00,10.184849871768728,10.543062145819517,10.184849871768728,10.533380508422852,162225127.0
2026-03-25 04:00:00,10.543062469150838,10.601150448728736,10.446247938798624,10.591468811035156,74477991.0
2026-03-26 04:00:00,10.562424821246207,10.69796497908095,10.552743183552629,10.591468811035156,82766409.0
2026-03-27 04:00:00,10.562425297791505,10.697965461741417,10.484974039332078,10.66892147064209,88412862.0
2026-03-30 04:00:00,10.630194727704659,10.697965270111574,10.591469099168627,10.639876365661621,63252210.0
2026-03-31 04:00:00,10.649557565692925,10.823823348584906,10.639875928134089,10.727008819580078,116456534.0
2026-04-01 04:00:00,10.73669084299549,10.872230080523144,10.727009205088711,10.794778823852539,91892539.0
2026-04-02 04:00:00,10.7947785771093,10.95936272459528,10.77541622503013,10.910956382751465,114889522.0
2026-04-03 04:00:00,10.920637183572813,10.920637183572813,10.73669068255188,10.765734672546387,75775733.0
2026-04-07 04:00:00,10.76573511548821,10.785098391809088,10.620514236248965,10.67860221862793,60795521.0
2026-04-08 04:00:00,10.756052663006473,10.862548828125,10.697964685025244,10.862548828125,81297589.0
2026-04-09 04:00:00,10.814141840037186,10.862549105117091,10.707646595494824,10.74637222290039,60236493.0
2026-04-10 04:00:00,10.746372158856875,10.775416148415015,10.717327246006954,10.736690521240234,48104693.0
2026-04-13 04:00:00,10.697964766209829,10.736690392921783,10.678601491207967,10.717327117919922,40610413.0
2026-04-14 04:00:00,10.717327693547174,10.814142227172852,10.717327693547174,10.814142227172852,49615109.0
2026-04-15 04:00:00,10.804459862905809,10.862548763835001,10.79477822553565,10.852867126464844,50393793.0
2026-04-16 04:00:00,10.843185765147934,10.872229754706074,10.717327246006954,10.736690521240234,68091460.0
2026-04-17 04:00:00,10.736691026979745,10.756053379833286,10.639876492836569,10.659239768981934,72253042.0
2026-04-20 04:00:00,10.659239105873894,10.717327084112705,10.610831841813708,10.707646369934082,63003366.0
2026-04-21 04:00:00,10.688283192636503,10.80446007346723,10.678601555077664,10.727008819580078,80694634.0
2026-04-22 04:00:00,10.727009196407273,10.736690834306215,10.601150673596445,10.630194664001465,83905399.0
2026-04-23 04:00:00,10.630194791292029,10.678602058074583,10.581788447801294,10.649558067321777,64806661.0
2026-04-24 04:00:00,10.630194791292029,10.678602058074583,10.572106809786419,10.649558067321777,58271012.0
2026-04-27 04:00:00,10.969044022679004,11.201397780186083,10.930318396427824,11.017451286315918,340127567.0
2026-04-28 04:00:00,10.998088461018057,11.094902992248535,10.959362833184224,11.094902992248535,167425883.0
2026-04-29 04:00:00,11.065859352329127,11.172354601418814,11.027133723269984,11.152992248535156,137842344.0
2026-04-30 04:00:00,11.13362878147644,11.230443314110351,11.094903153081239,11.123947143554688,113924162.0
2026-05-06 04:00:00,11.133629000363756,11.133629000363756,10.940000854581013,10.998088836669922,121638755.0
2026-05-07 04:00:00,11.007769584655762,11.027132859314168,10.939999969934844,11.007769584655762,93695806.0
2026-05-08 04:00:00,10.978726162079571,11.056177418123477,10.940000534057617,10.940000534057617,79881986.0
2026-05-11 04:00:00,10.930318768452564,10.949682043883083,10.804460248029564,10.920637130737305,93186521.0
2026-05-12 04:00:00,10.920636968854605,10.998088222844995,10.852867352435958,10.891592979431152,102903842.0
2026-05-13 04:00:00,10.891593322636316,10.920637312974973,10.756053162236237,10.7850980758667,101797392.0
2026-05-14 04:00:00,10.785097558401096,10.794778272521635,10.697964668273926,10.697964668273926,79436841.0
2026-05-15 04:00:00,10.697965270111574,10.756053251269714,10.61083237508255,10.639876365661621,97474176.0
2026-05-18 04:00:00,10.610832593758063,10.62051423191455,10.475292429442739,10.514018058776855,85638157.0
2026-05-19 04:00:00,10.484974067599227,10.572106964423947,10.484974067599227,10.514018058776855,79352913.0
2026-05-20 04:00:00,10.514017574376957,10.533380849797831,10.417203967147962,10.426885604858398,74763214.0
2026-05-21 04:00:00,10.436565898891795,10.455929173532715,10.349433009591161,10.359114646911621,111021108.0
2026-05-22 04:00:00,10.3591155038909,10.38815949496325,10.310708236575762,10.339753150939941,95413273.0
2026-05-25 04:00:00,10.339753150939941,10.41720440932743,10.301027521746196,10.339753150939941,66310295.0
2026-05-26 04:00:00,10.368796798681466,10.484973682415859,10.320389532969184,10.446248054504395,83734690.0
2026-05-27 04:00:00,10.417203903198242,10.504336795473694,10.378478275886016,10.417203903198242,83972718.0
2026-05-28 04:00:00,10.417204281057804,10.446248271772529,10.291345756904903,10.320389747619629,90071107.0
2026-05-29 04:00:00,10.310707748240176,10.581788063049316,10.281663758543406,10.581788063049316,139936780.0
2026-06-01 04:00:00,10.552743470632597,10.639876365661621,10.465611498895386,10.639876365661621,95459569.0
2026-06-02 04:00:00,10.63019429057525,10.746372094697753,10.591468663631675,10.727008819580078,88542842.0
2026-06-03 04:00:00,10.678601994197653,10.707646908068536,10.572106746546519,10.639876365661621,82527172.0
2026-06-04 04:00:00,10.562425100775107,10.620514005182086,10.42688586264518,10.475292205810547,86927083.0
2026-06-05 04:00:00,10.48497378868456,10.678601930204369,10.48497378868456,10.630194664001465,100350334.0
2026-06-08 04:00:00,10.620514236248965,10.746372762459167,10.610832598088527,10.67860221862793,109092646.0
2026-06-09 04:00:00,10.659239490247796,10.833504354540016,10.610832224442035,10.775416374206543,114967234.0
2026-06-10 04:00:00,10.717327575595021,10.988407897446747,10.717327575595021,10.959362983703613,154317639.0
2026-06-11 04:00:00,10.959362886422692,11.027133427929963,10.891593268207224,10.940000534057617,115622222.0
2026-06-12 04:00:00,11.0,11.25,10.880000114440918,11.239999771118164,203235546.0
2026-06-15 04:00:00,11.210000038146973,11.210000038146973,10.979999542236328,11.0600004196167,154130495.0
2026-06-16 04:00:00,11.050000190734863,11.119999885559082,10.90999984741211,10.9399995803833,94270804.0
2026-06-17 04:00:00,10.970000267028809,10.989999771118164,10.75,10.779999732971191,96582803.0
2026-06-18 04:00:00,10.739999771118164,10.770000457763672,10.520000457763672,10.520000457763672,142689316.0
2026-06-22 04:00:00,10.3776273727417,10.624910354614258,10.216144561767578,10.639433860778809,129914832.0
2026-06-23 04:00:00,10.639518737792969,10.835439682006836,10.620047569274902,10.794167518615723,115230056.0
2026-06-24 04:00:00,10.855311393737793,10.972986221313477,10.792184829711914,10.895318031311035,102978768.0
2026-06-25 04:00:00,10.862853050231934,11.014981269836426,10.803563117980957,10.861098289489746,140422640.0
2026-06-26 04:00:00,10.71733570098877,10.78964900970459,10.575080871582031,10.678744316101074,117200504.0
2026-06-29 04:00:00,10.637312889099121,10.698220252990723,10.444978713989258,10.607473373413086,123722248.0
2026-06-30 04:00:00,10.645391464233398,10.801021575927734,10.561891555786133,10.65562915802002,87035832.0
2026-07-01 04:00:00,10.674444198608398,10.828474044799805,10.652714729309082,10.78237247467041,108561488.0
2026-07-02 04:00:00,10.786602020263672,10.857200622558594,10.744457244873047,10.798266410827637,96856080.0
2026-07-06 04:00:00,10.80761432647705,10.924365997314453,10.774493217468262,10.874258041381836,78093696.0
2026-07-07 04:00:00,10.881781578063965,10.90950870513916,10.829976081848145,10.845563888549805,85869696.0
2026-07-08 04:00:00,10.681718826293945,11.052578926086426,10.293475151062012,10.939888954162598,142464640.0
2026-07-09 04:00:00,10.803820610046387,10.841572761535645,10.658665657043457,10.764602661132812,86396008.0
2026-07-10 04:00:00,10.860130310058594,11.07985782623291,10.845406532287598,11.0426607131958,136726144.0
2026-07-13 04:00:00,11.103069305419922,11.265761375427246,10.99049186706543,11.122164726257324,138057248.0
2026-07-14 04:00:00,11.142712593078613,11.217352867126465,11.076903343200684,11.13344955444336,104200608.0
2026-07-15 04:00:00,11.12926197052002,11.19991683959961,11.067513465881348,11.13139820098877,110401296.0
2026-07-16 04:00:00,11.124159812927246,11.239256858825684,11.076175689697266,11.187093734741211,128449696.0
2026-07-17 04:00:00,11.149611473083496,11.21866512298584,11.063570022583008,11.13119888305664,111619088.0
2026-07-20 04:00:00,11.104423522949219,11.196443557739258,11.045327186584473,11.121004104614258,124157456.0
2026-07-21 04:00:00,11.123224258422852,11.172986030578613,11.052371978759766,11.097679138183594,80347840.0
2026-07-22 04:00:00,11.091153144836426,11.159247398376465,11.0597562789917,11.108559608459473,79409000.0
2026-07-23 04:00:00,11.076484680175781,11.139358520507812,11.025403022766113,11.091294288635254,71239680.0
2026-07-24 04:00:00,11.079660415649414,11.229545593261719,11.042808532714844,11.172860145568848,105051600.0
2026-07-27 04:00:00,11.166045188903809,11.245523452758789,11.109500885009766,11.176032066345215,94666712.0
2026-07-28 04:00:00,11.147239685058594,11.193317413330078,11.070855140686035,11.113554954528809,75253856.0
2026-07-29 04:00:00,11.09508228302002,11.250819206237793,11.066393852233887,11.198545455932617,105042768.0
2026-07-30 04:00:00,11.181928634643555,11.226685523986816,11.12321949005127,11.1558256149292,77825504.0
2026-07-31 04:00:00,11.186568260192871,11.307835578918457,11.112701416015625,11.161979675292969,87298624.0
2026-08-03 04:00:00,11.160937309265137,11.271610260009766,11.148490905761719,11.230091094970703,86202112.0
2026-08-04 04:00:00,11.206737518310547,11.280665397644043,11.166534423828125,11.232015609741211,84220072.0
2026-08-05 04:00:00,11.216546058654785,11.286620140075684,11.175174713134766,11.238615989685059,84059536.0
2026-08-06 04:00:00,11.220502853393555,11.256447792053223,11.128213882446289,11.165263175964355,89778752.0
2026-08-07 04:00:00,11.155620574951172,11.196575164794922,11.016495704650879,11.070792198181152,109832480.0
2026-08-10 04:00:00,11.054393768310547,11.094986915588379,10.978896141052246,11.019323348999023,84806928.0
2026-08-11 04:00:00,10.933137893676758,11.149065971374512,10.79051399230957,10.893621444702148,109843592.0
2026-08-12 04:00:00,10.733542442321777,10.986207962036133,10.802347183227539,10.959959983825684,122901432.0
2026-08-13 04:00:00,10.912642478942871,11.096626281738281,10.86661434173584,10.905745506286621,122973648.0
2026-08-14 04:00:00,10.97474193572998,11.291359901428223,10.9506254196167,11.153076171875,156586736.0
2026-08-17 04:00:00,11.000506401062012,11.20832633972168,10.814384460449219,10.778435707092285,138129856.0
2026-08-18 04:00:00,10.821505546569824,10.952308654785156,10.700093269348145,10.842293739318848,177797184.0
2026-08-19 04:00:00,10.812335014343262,11.0032377243042,10.737381935119629,10.856832504272461,172549408.0
2026-08-20 04:00:00,10.865913391113281,10.977330207824707,10.812485694885254,10.912346839904785,127939904.0
2026-08-21 04:00:00,10.850211143493652,10.955061912536621,10.841753959655762,10.947103500366211,147745472.0
2026-08-24 04:00:00,10.939558982849121,11.061817169189453,10.879213333129883,10.97984790802002,185930416.0
2026-08-25 04:00:00,11.009861946105957,11.05144214630127,10.79946231842041,10.831770896911621,130169648.0
2026-08-26 04:00:00,10.894288063049316,10.946857452392578,10.660775184631348,10.708456993103027,116397368.0
2026-08-27 04:00:00,10.81545352935791,10.877704620361328,10.28329849243164,10.751384735107422,108072840.0
2026-08-28 04:00:00,10.739619255065918,10.70798397064209,10.506386756896973,10.482473373413086,100370208.0
2026-08-31 04:00:00,10.58442211151123,10.638662338256836,10.459507942199707,10.46606159210205,84961904.0
2026-09-01 04:00:00,10.581274032592773,10.994754791259766,10.55732536315918,10.793709754943848,147957824.0
2026-09-02 04:00:00,10.778059005737305,10.803464889526367,10.63706111907959,10.677730560302734,89293832.0
2026-09-03 04:00:00,10.706094741821289,10.78554916381836,10.680840492248535,10.741711616516113,69764344.0
2026-09-04 04:00:00,10.598262786865234,10.970385551452637,10.362676620483398,10.61190414428711,122009240.0
2026-09-08 04:00:00,10.640546798706055,10.73162841796875,10.58355712890625,10.674160957336426,78851864.0
2026-09-09 04:00:00,10.623748779296875,10.808719635009766,10.624068260192871,10.739460945129395,109452896.0
2026-09-10 04:00:00,10.653165817260742,10.96904182434082,10.554346084594727,10.725683212280273,106024888.0
2026-09-11 04:00:00,10.7100191116333,10.927899360656738,10.751200675964355,10.882972717285156,94090928.0
2026-09-14 04:00:00,10.803436279296875,11.107542991638184,10.814011573791504,11.098528861999512,149936928.0
2026-09-15 04:00:00,11.075692176818848,11.119802474975586,10.971658706665039,11.019054412841797,99529488.0
2026-09-16 04:00:00,11.042932510375977,11.148716926574707,11.008439064025879,11.089767456054688,98618608.0
2026-09-17 04:00:00,11.081184387207031,11.123477935791016,11.0088529586792,11.038126945495605,77012528.0
2026-09-18 04:00:00,11.071887016296387,11.40912914276123,11.099030494689941,11.26461410522461,131389072.0
2026-09-21 04:00:00,11.222430229187012,11.27109432220459,11.15028190612793,11.2028226852417,86767088.0
2026-09-22 04:00:00,11.208223342895508,11.279033660888672,11.169666290283203,11.21506118774414,83971232.0
2026-09-23 04:00:00,11.168045043945312,11.196290016174316,11.069123268127441,11.092475891113281,73417608.0
2026-09-24 04:00:00,11.007783889770508,11.026215553283691,10.881523132324219,10.917845726013184,75776720.0
2026-09-25 04:00:00,10.896848678588867,10.990242958068848,10.874541282653809,10.955448150634766,69774232.0
2026-09-28 04:00:00,10.929975509643555,11.012605667114258,10.912127494812012,10.990113258361816,68931208.0
2026-09-29 04:00:00,10.830459594726562,11.11868667602539,10.83716869354248,10.95370101928711,87888584.0
2026-09-30 04:00:00,10.941987037658691,11.162689208984375,10.95350456237793,11.048301696777344,106930432.0
2026-10-01 04:00:00,11.028846740722656,11.105875015258789,10.977452278137207,11.043635368347168,104137736.0
2026-10-02 04:00:00,11.053342819213867,11.334922790527344,11.062700271606445,11.309280395507812,145697296.0
2026-10-05 04:00:00,11.257386207580566,11.443587303161621,11.178031921386719,11.206622123718262,126028264.0
2026-10-06 04:00:00,11.228693962097168,11.34593391418457,11.195656776428223,11.312653541564941,96039112.0
2026-10-07 04:00:00,11.258957862854004,11.424139976501465,11.223835945129395,11.388197898864746,131016464.0
2026-10-08 04:00:00,11.370301246643066,11.501580238342285,11.317906379699707,11.401664733886719,129226248.0
2026-10-09 04:00:00,11.371843338012695,11.432459831237793,11.306224822998047,11.347140312194824,88058376.0
2026-10-12 04:00:00,11.334394454956055,11.45339584350586,11.245668411254883,11.327855110168457,129824632.0
2026-10-13 04:00:00,11.334611892700195,11.418147087097168,11.170242309570312,11.260619163513184,143218752.0
2026-10-14 04:00:00,11.229811668395996,11.41469955444336,11.036072731018066,11.041507720947266,124937480.0
2026-10-15 04:00:00,11.10078239440918,11.155487060546875,11.027010917663574,11.057478904724121,79899144.0
2026-10-16 04:00:00,11.027135848999023,11.107154846191406,10.976506233215332,11.016374588012695,107741720.0
2026-10-19 04:00:00,11.027865409851074,11.178333282470703,11.010712623596191,11.1278715133667,98475392.0
2026-10-20 04:00:00,11.148208618164062,11.269775390625,11.116482734680176,11.224834442138672,105059096.0
2026-10-21 04:00:00,11.139481544494629,11.306857109069824,11.098496437072754,11.272976875305176,77458032.0
2026-10-22 04:00:00,11.319820404052734,11.35398006439209,11.134432792663574,11.15243148803711,106680520.0
2026-10-23 04:00:00,11.154997825622559,11.294639587402344,11.126652717590332,11.25780963897705,115877912.0
2026-10-26 04:00:00,11.2329740524292,11.412839889526367,11.07693099975586,11.242477416992188,253894160.0
2026-10-27 04:00:00,11.275146484375,11.412116050720215,11.251575469970703,11.33178424835205,168721232.0
2026-10-28 04:00:00,11.276082038879395,11.333513259887695,11.167293548583984,11.236316680908203,127934816.0
2026-10-29 04:00:00,11.127808570861816,11.428389549255371,11.088047981262207,11.252103805541992,110232152.0
2026-10-30 04:00:00,11.192166328430176,11.318232536315918,11.121091842651367,11.209748268127441,89411744.0
2026-11-02 05:00:00,11.234006881713867,11.41430950164795,11.168212890625,11.246914863586426,96395768.0
2026-11-03 05:00:00,11.25231647491455,11.35671329498291,11.178112983703613,11.272448539733887,107694224.0
2026-11-04 05:00:00,11.255189895629883,11.298646926879883,11.109646797180176,11.159566879272461,115212824.0
2026-11-05 05:00:00,11.145794868469238,11.196208000183105,11.09982681274414,11.134472846984863,90101200.0
2026-11-06 05:00:00,11.13109016418457,11.288813591003418,11.121711730957031,11.275035858154297,93003216.0
2026-11-09 05:00:00,11.195352554321289,11.375617027282715,11.119261741638184,11.16185474395752,114213040.0
2026-11-10 05:00:00,11.162200927734375,11.233909606933594,11.088247299194336,11.151069641113281,106408016.0
2026-11-11 05:00:00,11.137567520141602,11.190439224243164,11.053849220275879,11.111391067504883,121158008.0
2026-11-12 05:00:00,11.09031867980957,11.247748374938965,11.065022468566895,11.17172908782959,89902872.0
2026-11-13 05:00:00,11.13872241973877,11.158360481262207,10.95865249633789,10.985357284545898,113317080.0
2026-11-16 05:00:00,10.835088729858398,11.132074356079102,10.805225372314453,10.973365783691406,97787976.0
2026-11-17 05:00:00,10.906798362731934,10.94814682006836,10.86292839050293,10.911097526550293,64016168.0
2026-11-18 05:00:00,10.90881633758545,10.97683048248291,10.87878131866455,10.935898780822754,61025536.0
2026-11-19 05:00:00,10.879464149475098,11.05628776550293,10.70272159576416,10.785959243774414,100644632.0
2026-11-20 05:00:00,10.902188301086426,10.925013542175293,10.528658866882324,10.715784072875977,109351600.0
2026-11-23 05:00:00,10.765679359436035,10.784846305847168,10.605789184570312,10.610033988952637,101274904.0
2026-11-24 05:00:00,10.53963565826416,10.683073997497559,10.514723777770996,10.577198028564453,96698504.0
2026-11-25 05:00:00,10.543657302856445,10.609155654907227,10.496776580810547,10.569986343383789,79037296.0
2026-11-27 05:00:00,10.355729103088379,10.731425285339355,10.323668479919434,10.54326057434082,111679864.0
2026-11-30 05:00:00,10.69123363494873,10.728212356567383,10.282618522644043,10.392870903015137,132760976.0
2026-12-01 05:00:00,10.55312442779541,10.671873092651367,10.224038124084473,10.509087562561035,121220992.0
2026-12-02 05:00:00,10.52981185913086,10.602837562561035,10.464673042297363,10.520004272460938,118329576.0
2026-12-03 05:00:00,10.515939712524414,10.554352760314941,10.443184852600098,10.453824996948242,64243444.0
2026-12-04 05:00:00,10.470467567443848,10.530890464782715,10.104538917541504,10.373046875,131816336.0
2026-12-07 05:00:00,10.356108665466309,10.377660751342773,10.24059009552002,10.316105842590332,130108104.0
2026-12-08 05:00:00,10.304945945739746,10.529681205749512,10.112536430358887,10.553323745727539,120966512.0
2026-12-09 05:00:00,10.473875999450684,10.62915325164795,10.323990821838379,10.374013900756836,121030192.0
