timestamps,open,high,low,close,volume,amount
2024-01-11,27.940000534057617,30.0,26.280000686645508,26.6299991607666,37657300,1002813867.3967361
2024-01-12,26.399999618530273,26.40999984741211,24.75,24.969999313354492,22991900,574107727.2127151
2024-01-16,24.700000762939453,24.86199951171875,24.040000915527344,24.719999313354492,15078200,372733093.6466217
2024-01-17,24.350000381469727,24.559999465942383,24.149999618530273,24.40999984741211,13964500,340873442.8691864
2024-01-18,24.350000381469727,24.469999313354492,23.200000762939453,23.34000015258789,17823200,415993490.7196045
2024-01-19,23.489999771118164,24.1200008392334,23.030000686645508,23.799999237060547,18284100,435161566.05033875
2024-01-22,23.200000762939453,23.329999923706055,22.5,22.950000762939453,17222100,395247208.13941956
2024-01-23,22.190000534057617,22.6299991607666,22.020000457763672,22.31999969482422,13431700,299795539.90097046
2024-01-24,22.81999969482422,22.969999313354492,22.56999969482422,22.600000381469727,11929100,269597664.5505905
2024-01-25,22.860000610351562,22.899999618530273,22.579999923706055,22.760000228881836,8954900,203813526.04961395
2024-01-26,23.520000457763672,24.1200008392334,23.479999542236328,23.989999771118164,20273800,486368457.35969543
2024-01-29,23.989999771118164,24.770000457763672,23.8799991607666,24.670000076293945,19012900,469048244.45056915
2024-01-30,24.84000015258789,24.979999542236328,24.684999465942383,24.8799991607666,15541300,386667530.957222
2024-01-31,24.3799991607666,25.0,24.260000228881836,24.299999237060547,13369300,324873979.80003357
2024-02-01,24.209999084472656,24.719999313354492,24.190000534057617,24.540000915527344,12411400,304575767.3629761
2024-02-02,24.389999389648438,24.825000762939453,24.3799991607666,24.5,10329000,253060500.0
2024-02-05,24.75,24.790000915527344,24.1299991607666,24.190000534057617,6807500,164673428.63559723
2024-02-06,24.469999313354492,24.770000457763672,24.450000762939453,24.600000381469727,7352900,180881342.80490875
2024-02-07,24.65999984741211,25.285999298095703,24.489999771118164,25.219999313354492,13952200,351874474.41978455
2024-02-08,25.7549991607666,26.079999923706055,25.639999389648438,26.030000686645508,18568500,483338067.7499771
2024-02-09,26.850000381469727,27.56999969482422,26.75,27.149999618530273,20742800,563167012.0872498
2024-02-12,27.530000686645508,28.860000610351562,27.514999389648438,28.65999984741211,35138600,1007072270.6382751
2024-02-13,27.969999313354492,28.280000686645508,27.6200008392334,28.219999313354492,20913600,590181777.6397705
2024-02-14,29.579999923706055,29.825000762939453,29.239999771118164,29.549999237060547,28134500,831374453.53508
2024-02-15,29.9950008392334,30.229999542236328,29.479999542236328,29.520000457763672,22844700,674375554.4574738
2024-02-16,29.857999801635742,29.969999313354492,29.489999771118164,29.6200008392334,15976500,473223943.4080124
2024-02-20,29.8799991607666,29.920000076293945,28.969999313354492,29.670000076293945,21166400,628007089.6148682
2024-02-21,29.05500030517578,29.350000381469727,28.90999984741211,29.079999923706055,17664400,513680750.65231323
2024-02-22,29.170000076293945,29.760000228881836,29.135000228881836,29.719999313354492,15468400,459720837.3786926
2024-02-23,29.260000228881836,29.309999465942383,28.90999984741211,29.15999984741211,13285800,387413925.9727478
2024-02-26,29.34000015258789,31.43000030517578,29.329999923706055,31.1200008392334,42806400,1332135203.9245605
2024-02-27,32.529998779296875,32.959999084472656,32.16999816894531,32.59000015258789,42006400,1368988582.409668
2024-02-28,34.40999984741211,36.869998931884766,33.79999923706055,34.45000076293945,96833400,3335910703.8780212
2024-02-29,36.20500183105469,36.380001068115234,34.470001220703125,35.41999816894531,53837500,1906924151.4205933
2024-03-01,35.650001525878906,36.16999816894531,34.93000030517578,35.9900016784668,35133600,1264458322.970581
2024-03-04,37.41999816894531,38.88999938964844,37.400001525878906,38.650001525878906,63439000,2451917446.800232
2024-03-05,38.665000915527344,39.689998626708984,34.029998779296875,35.31999969482422,107143600,3784311919.302368
2024-03-06,38.15999984741211,38.595001220703125,37.29499816894531,38.290000915527344,45934300,1758824389.0541077
2024-03-07,38.5,38.939998626708984,38.08000183105469,38.630001068115234,41450800,1601244448.274231
2024-03-08,38.935001373291016,40.20000076293945,37.77000045776367,39.54999923706055,89934000,3556889631.385803
2024-03-11,41.310001373291016,41.650001525878906,40.7400016784668,41.119998931884766,74430400,3060577968.499756
2024-03-12,41.279998779296875,41.79999923706055,39.209999084472656,40.72999954223633,98022800,3992468599.128723
2024-03-13,41.52000045776367,41.9900016784668,40.93000030517578,41.95000076293945,59347000,2489606695.2781677
2024-03-14,41.459999084472656,41.529998779296875,39.0099983215332,39.5099983215332,99521100,3932078493.957138
2024-03-15,38.689998626708984,40.32400131225586,38.439998626708984,39.38999938964844,68768300,2708783295.0271606
2024-03-18,38.810001373291016,39.130001068115234,37.93000030517578,38.13999938964844,53201600,2029108991.5283203
2024-03-19,36.349998474121094,37.529998779296875,35.4900016784668,36.70000076293945,69685200,2557446893.1655884
2024-03-20,36.18000030517578,37.689998626708984,35.40999984741211,37.54999923706055,71309300,2677664160.5953217
2024-03-21,38.60499954223633,38.61000061035156,37.0,37.150001525878906,47085900,1749241256.8473816
2024-03-22,36.599998474121094,36.689998626708984,35.70500183105469,36.40999984741211,39957400,1454848927.9029846
2024-03-25,38.20000076293945,40.619998931884766,38.19499969482422,40.54999923706055,64562000,2617989050.743103
2024-03-26,40.45000076293945,40.5099983215332,39.540000915527344,39.630001068115234,44351400,1757646029.372406
2024-03-27,40.90999984741211,40.970001220703125,39.01499938964844,39.130001068115234,46746900,1829206246.931076
2024-03-28,40.560001373291016,40.959999084472656,40.21500015258789,40.470001220703125,44620800,1805803830.46875
2024-04-01,39.9900016784668,40.029998779296875,38.834999084472656,39.75,34652000,1377417000.0
2024-04-02,37.02000045776367,37.84000015258789,36.79999923706055,37.599998474121094,34073400,1281159788.0081177
2024-04-03,37.5,38.20000076293945,37.369998931884766,37.540000915527344,29387400,1103203022.9049683
2024-04-04,38.40999984741211,39.61000061035156,38.290000915527344,39.08000183105469,44185500,1726769420.906067
2024-04-05,38.15999984741211,39.154998779296875,38.11000061035156,38.40999984741211,28670500,1101233900.625229
2024-04-08,41.150001525878906,41.20000076293945,40.61000061035156,40.95000076293945,40056700,1640321895.5608368
2024-04-09,40.290000915527344,40.5,38.900001525878906,39.33000183105469,35513700,1396753886.0275269
2024-04-10,38.58000183105469,40.0,38.459999084472656,40.0,38908000,1556320000.0
2024-04-11,40.349998474121094,40.45399856567383,39.654998779296875,40.16999816894531,27725500,1113733284.2330933
2024-04-12,40.0,40.099998474121094,37.16999816894531,38.13999938964844,57221400,2182424161.074829
2024-04-15,37.779998779296875,37.95000076293945,35.540000915527344,36.08000183105469,46360300,1672679708.8882446
2024-04-16,36.040000915527344,36.130001068115234,35.15999984741211,35.75,35341700,1263465775.0
2024-04-17,35.56999969482422,35.91999816894531,33.9900016784668,34.7599983215332,52597900,1828302915.7161713
2024-04-18,35.58000183105469,36.61000061035156,35.279998779296875,36.209999084472656,35544200,1287055449.458313
2024-04-19,36.95000076293945,37.150001525878906,36.2400016784668,36.66999816894531,34806700,1276361625.2670288
2024-04-22,37.66999816894531,38.150001525878906,37.45000076293945,37.93000030517578,29881100,1133390132.118988
2024-04-23,37.709999084472656,38.310001373291016,37.689998626708984,37.900001525878906,17572300,665990196.8132019
2024-04-24,37.630001068115234,37.83000183105469,36.290000915527344,36.40999984741211,32178000,1171600975.0900269
2024-04-25,35.939998626708984,36.9900016784668,35.790000915527344,36.86000061035156,25317100,933188321.4523315
2024-04-26,36.349998474121094,36.922000885009766,36.060001373291016,36.31999969482422,20226000,734608313.8275146
2024-04-29,35.59000015258789,36.0,35.13999938964844,35.869998931884766,21694900,778196039.8273468
2024-04-30,34.810001373291016,35.0099983215332,33.540000915527344,33.56999969482422,41584300,1395984938.3094788
2024-05-01,32.81999969482422,33.83000183105469,32.20000076293945,32.38999938964844,45405600,1470687356.286621
2024-05-02,33.45000076293945,33.96500015258789,33.15999984741211,33.79999923706055,23146300,782344922.3407745
2024-05-03,34.900001525878906,35.5,34.85499954223633,35.400001525878906,26368300,933437860.2348328
2024-05-06,36.2400016784668,36.61000061035156,35.737998962402344,36.0099983215332,27166600,978269220.4017639
2024-05-07,36.209999084472656,36.68899917602539,35.779998779296875,35.93000030517578,14753300,530086073.50234985
2024-05-08,35.34000015258789,35.790000915527344,35.16999816894531,35.380001068115234,14277700,505145041.2502289
2024-05-09,34.939998626708984,35.75,34.65999984741211,35.58000183105469,16930100,602372988.999939
2024-05-10,35.79999923706055,35.994998931884766,34.2599983215332,34.58000183105469,28986000,1002335933.0749512
2024-05-13,35.779998779296875,36.189998626708984,35.650001525878906,36.0,17204900,619376400.0
2024-05-14,35.34000015258789,35.494998931884766,34.79999923706055,35.06999969482422,13742700,481956484.8060608
2024-05-15,36.66999816894531,37.93000030517578,36.459999084472656,37.66999816894531,40518600,1526335587.8082275
2024-05-16,37.6349983215332,37.90999984741211,36.82099914550781,37.150001525878906,22092100,820721548.7098694
2024-05-17,37.84000015258789,38.540000915527344,37.540000915527344,38.279998779296875,25516900,976786900.8514404
2024-05-20,38.209999084472656,40.04999923706055,38.06999969482422,39.970001220703125,32788600,1310560382.0251465
2024-05-21,40.46500015258789,40.66999816894531,39.404998779296875,39.470001220703125,29875200,1179174180.46875
2024-05-22,39.77000045776367,40.33000183105469,39.44499969482422,39.709999084472656,20566800,816707609.1705322
2024-05-23,39.5099983215332,39.57500076293945,38.0099983215332,38.27000045776367,23933800,915946536.9560242
2024-05-24,38.43000030517578,39.59000015258789,38.15999984741211,39.459999084472656,19910900,785684095.7710266
2024-05-28,38.97999954223633,39.099998474121094,38.30500030517578,38.97999954223633,19703200,768030726.9805908
2024-05-29,38.65999984741211,38.7400016784668,38.2400016784668,38.31999969482422,14675500,562365155.5213928
2024-05-30,38.875,39.689998626708984,38.78499984741211,39.15999984741211,25868100,1012994792.0528412
2024-05-31,39.16999816894531,39.22999954223633,37.91999816894531,38.54999923706055,23144700,892228167.3419952
2024-06-03,39.779998779296875,40.119998931884766,39.09000015258789,39.439998626708984,27654000,1090673722.0230103
2024-06-04,39.59000015258789,40.59000015258789,39.470001220703125,40.16999816894531,40569500,1629676740.7150269
2024-06-05,40.58000183105469,41.0,40.111000061035156,40.66999816894531,30997600,1260672335.2416992
2024-06-06,40.58000183105469,40.88999938964844,40.13999938964844,40.15999984741211,20193000,810950876.9187927
2024-06-07,40.689998626708984,40.88999938964844,38.88999938964844,39.41999816894531,35710300,1407699960.6124878
2024-06-10,39.46500015258789,40.02000045776367,39.400001525878906,39.59000015258789,15645900,619421183.3873749
2024-06-11,38.290000915527344,38.53499984741211,37.619998931884766,38.43000030517578,29402900,1129953455.973053
2024-06-12,39.4900016784668,39.959999084472656,38.29999923706055,38.45000076293945,27518600,1058090190.9950256
2024-06-13,38.779998779296875,38.935001373291016,37.68000030517578,37.900001525878906,24858500,942137187.9310608
2024-06-14,38.36000061035156,38.38999938964844,37.025001525878906,37.29999923706055,22309000,832125682.9795837
2024-06-17,37.3849983215332,38.34000015258789,37.02000045776367,37.97999954223633,17785600,675497079.8583984
2024-06-18,36.94900131225586,37.22999954223633,36.439998626708984,36.63999938964844,25778200,944513232.2662354
2024-06-20,37.220001220703125,37.310001373291016,36.72999954223633,37.040000915527344,15271100,565641557.9811096
2024-06-21,36.209999084472656,36.67499923706055,36.060001373291016,36.58000183105469,20912400,764975630.291748
2024-06-24,34.869998931884766,35.13999938964844,33.58000183105469,33.76499938964844,46597000,1573347676.5594482
2024-06-25,34.8849983215332,35.564998626708984,34.72999954223633,35.29999923706055,31208500,1101660026.189804
2024-06-26,35.029998779296875,35.33000183105469,34.560001373291016,34.709999084472656,13026600,452153274.0737915
2024-06-27,35.08000183105469,35.560001373291016,34.935001373291016,34.97999954223633,14788800,517312217.2302246
2024-06-28,35.029998779296875,35.224998474121094,34.099998474121094,34.13999938964844,18313100,625209222.8225708
2024-07-01,35.81999969482422,36.404998779296875,35.58000183105469,36.0,18509900,666356400.0
2024-07-02,35.81999969482422,35.974998474121094,35.150001525878906,35.220001220703125,13772200,485056900.8117676
2024-07-03,34.349998474121094,34.599998474121094,34.11000061035156,34.439998626708984,12793300,440601234.43107605
2024-07-05,31.674999237060547,32.53799819946289,31.56999969482422,32.20000076293945,47018300,1513989295.872116
2024-07-08,32.599998474121094,32.720001220703125,31.34000015258789,32.15999984741211,28999100,932611051.5750885
2024-07-09,32.619998931884766,33.23500061035156,32.441001892089844,32.959999084472656,17924500,590791503.5896301
2024-07-10,33.060001373291016,33.09000015258789,32.66999816894531,32.66999816894531,17248800,563518264.4165039
2024-07-11,33.52000045776367,33.63999938964844,32.56999969482422,32.70000076293945,21952200,717836956.7481995
2024-07-12,32.79999923706055,33.40999984741211,32.77199935913086,32.849998474121094,16921000,555854824.180603
2024-07-15,35.790000915527344,36.470001220703125,35.61000061035156,36.150001525878906,34245900,1237989337.2550964
2024-07-16,36.42499923706055,37.220001220703125,35.970001220703125,37.16999816894531,27810500,1033716234.0774536
2024-07-17,36.869998931884766,37.29999923706055,36.38999938964844,36.84000015258789,32704100,1204819048.9902496
2024-07-18,36.994998931884766,37.06999969482422,36.029998779296875,36.220001220703125,22725800,823128503.7414551
2024-07-19,36.560001373291016,38.529998779296875,36.5,38.400001525878906,46756100,1795434311.3441467
2024-07-22,38.560001373291016,38.959999084472656,37.95000076293945,38.93000030517578,24116200,938843673.3596802
2024-07-23,37.95000076293945,38.400001525878906,37.27299880981445,37.34000015258789,35482200,1324905353.414154
2024-07-24,37.9900016784668,38.279998779296875,37.36000061035156,37.41999816894531,23403000,875740217.1478271
2024-07-25,36.619998931884766,37.150001525878906,36.09000015258789,36.83000183105469,21928800,807637744.152832
2024-07-26,38.459999084472656,38.88999938964844,38.130001068115234,38.790000915527344,28993200,1124646254.5440674
2024-07-29,39.72999954223633,39.744998931884766,37.83000183105469,38.34000015258789,38158700,1463004563.8225555
2024-07-30,37.97999954223633,38.13999938964844,37.31999969482422,37.54999923706055,19556000,734327785.079956
2024-07-31,37.869998931884766,38.09000015258789,36.994998931884766,37.18000030517578,20533000,763416946.2661743
2024-08-01,36.79999923706055,36.97999954223633,35.43000030517578,36.06999969482422,37068100,1337046355.6877136
2024-08-02,36.93000030517578,37.31999969482422,35.4900016784668,35.61000061035156,35706100,1271494242.793274
2024-08-05,28.350000381469727,31.65999984741211,28.229999542236328,30.479999542236328,97633000,2975853795.3071594
2024-08-06,31.43000030517578,32.53499984741211,31.0,32.34000015258789,39663800,1282727298.0522156
2024-08-07,32.650001525878906,32.790000915527344,31.1200008392334,31.190000534057617,24351500,759523298.0051041
2024-08-08,32.90999984741211,34.13999938964844,32.29999923706055,33.880001068115234,32889400,1114292907.1296692
2024-08-09,34.40999984741211,34.834999084472656,33.93000030517578,34.599998474121094,18872700,652995391.2025452
2024-08-12,33.93000030517578,34.599998474121094,32.94499969482422,33.63999938964844,20819200,700357875.2929688
2024-08-13,33.56999969482422,35.125,33.540000915527344,34.63999938964844,20186000,699243027.6794434
2024-08-14,34.6349983215332,34.7400016784668,33.43000030517578,33.560001373291016,19032500,638730726.1371613
2024-08-15,33.720001220703125,34.119998931884766,32.290000915527344,32.5,29136100,946923250.0
2024-08-16,33.36000061035156,34.13600158691406,32.849998474121094,34.029998779296875,22686500,772021567.3065186
2024-08-19,33.470001220703125,33.79499816894531,33.099998474121094,33.619998931884766,13480200,453204309.601593
2024-08-20,34.52000045776367,34.77000045776367,33.349998474121094,33.91999816894531,21676600,735270232.30896
2024-08-21,33.880001068115234,35.14500045776367,33.529998779296875,35.130001068115234,22993900,807775731.5601349
2024-08-22,34.65999984741211,34.73500061035156,34.2400016784668,34.349998474121094,15825100,543592160.8528137
2024-08-23,34.80500030517578,36.439998626708984,34.63999938964844,36.279998779296875,51673300,1874707260.9222412
2024-08-26,36.34000015258789,36.415000915527344,35.91999816894531,36.09000015258789,19479700,703022375.9723663
2024-08-27,35.560001373291016,35.58700180053711,34.9900016784668,35.380001068115234,19488600,689506688.8160706
2024-08-28,34.099998474121094,34.20000076293945,32.93000030517578,33.52000045776367,36007400,1206968064.4828796
2024-08-29,34.29999923706055,34.82500076293945,33.52000045776367,33.689998626708984,22692500,764510293.8365936
2024-08-30,33.900001525878906,34.06999969482422,32.84000015258789,33.369998931884766,22832300,761913826.6124725
2024-09-03,33.63999938964844,33.650001525878906,32.70000076293945,32.97999954223633,23729700,782605495.1374054
2024-09-04,32.099998474121094,33.30799865722656,31.920000076293945,33.040000915527344,19751900,652602794.0834045
2024-09-05,32.22999954223633,32.599998474121094,31.709999084472656,31.850000381469727,20575400,655326497.8488922
2024-09-06,32.28499984741211,32.380001068115234,30.239999771118164,30.40999984741211,40486800,1231203581.8222046
2024-09-09,31.520000457763672,32.58000183105469,31.173999786376953,32.5099983215332,24533700,797590545.8209991
2024-09-10,32.40999984741211,33.060001373291016,32.150001525878906,33.0,12648700,417407100.0
2024-09-11,32.33000183105469,33.01499938964844,31.579999923706055,32.79999923706055,20530600,673403664.3363953
2024-09-12,32.869998931884766,33.349998474121094,32.61000061035156,33.25,15834000,526480500.0
2024-09-13,32.880001068115234,34.224998474121094,32.79999923706055,34.040000915527344,33125000,1127575030.3268433
2024-09-16,33.310001373291016,33.33000183105469,32.689998626708984,32.97999954223633,20931200,690310966.418457
2024-09-17,33.7599983215332,34.970001220703125,33.52000045776367,34.099998474121094,39849900,1358881529.1938782
2024-09-18,34.08000183105469,34.93000030517578,33.65999984741211,34.150001525878906,28844900,985053379.0138245
2024-09-19,36.029998779296875,36.395999908447266,35.665000915527344,36.0099983215332,25199400,907430351.7036438
2024-09-20,35.849998474121094,36.19599914550781,35.51499938964844,35.79999923706055,15938400,570594707.8399658
2024-09-23,36.060001373291016,36.35499954223633,35.88999938964844,36.040000915527344,17294800,623304607.8338623
2024-09-24,36.13999938964844,36.689998626708984,35.689998626708984,36.63999938964844,19764100,724156611.9369507
2024-09-25,36.150001525878906,36.45000076293945,35.83000183105469,35.970001220703125,13547100,487289203.5369873
2024-09-26,36.654998779296875,37.529998779296875,36.52000045776367,36.84000015258789,41457100,1527279570.3258514
2024-09-27,37.41999816894531,37.939998626708984,37.244998931884766,37.38999938964844,28884500,1079991437.3703003
2024-09-30,36.41999816894531,36.4900016784668,35.86000061035156,36.130001068115234,23334200,843064670.9236145
2024-10-01,36.06999969482422,36.099998474121094,34.689998626708984,35.130001068115234,43920500,1542927211.9121552
2024-10-02,34.630001068115234,35.5099983215332,34.1349983215332,34.2400016784668,29353600,1005067313.269043
2024-10-03,34.400001525878906,34.75,34.060001373291016,34.720001220703125,18482500,641712422.5616455
2024-10-04,35.040000915527344,35.599998474121094,34.57500076293945,35.52000045776367,22625700,803664874.3572235
2024-10-07,35.90999984741211,36.72999954223633,35.689998626708984,36.060001373291016,21124100,761735075.0095367
2024-10-08,35.630001068115234,35.9900016784668,35.15999984741211,35.400001525878906,25203200,892193318.4570312
2024-10-09,35.209999084472656,35.494998931884766,34.560001373291016,34.68000030517578,18244000,632701925.567627
2024-10-10,34.7599983215332,34.7599983215332,33.46500015258789,33.95000076293945,25996500,882581194.8337555
2024-10-11,34.939998626708984,36.14500045776367,34.939998626708984,35.939998626708984,33399400,1200374390.132904
2024-10-14,36.869998931884766,37.814998626708984,36.81999969482422,37.56999969482422,44553100,1673859953.403473
2024-10-15,37.529998779296875,38.744998931884766,36.875,38.16999816894531,53539000,2043583531.967163
2024-10-16,38.65999984741211,38.93000030517578,38.2400016784668,38.58000183105469,26627500,1027288998.7564087
2024-10-17,38.15999984741211,38.540000915527344,37.939998626708984,38.04999923706055,19655500,747891760.0040436
2024-10-18,38.61000061035156,39.369998931884766,38.560001373291016,39.06999969482422,39820500,1555786922.8477478
2024-10-21,38.63999938964844,38.66999816894531,38.02000045776367,38.56999969482422,28773400,1109790029.2190552
2024-10-22,38.18000030517578,38.54999923706055,37.89099884033203,38.40999984741211,23972900,920799085.3420258
2024-10-23,37.86000061035156,38.08000183105469,37.09000015258789,37.810001373291016,25771200,974409107.3913574
2024-10-24,38.470001220703125,38.91999816894531,38.29999923706055,38.869998931884766,27015500,1050092456.1443329
2024-10-25,38.720001220703125,39.20000076293945,37.470001220703125,38.0099983215332,51745600,1966850169.1467285
2024-10-28,39.25,39.84000015258789,38.95000076293945,39.66999816894531,54652300,2168056640.92865
2024-10-29,40.560001373291016,41.959999084472656,40.36000061035156,41.33000183105469,81566300,3371135328.352356
2024-10-30,40.880001068115234,41.279998779296875,40.62200164794922,40.880001068115234,32004700,1308352170.1847076
2024-10-31,40.97999954223633,41.0099983215332,39.724998474121094,39.779998779296875,48039800,1911023185.357666
2024-11-01,39.92499923706055,40.79800033569336,39.099998474121094,39.369998931884766,49930200,1965751920.6687927
2024-11-04,39.029998779296875,39.119998931884766,38.16999816894531,38.25,36048900,1378870425.0
2024-11-05,39.43000030517578,40.130001068115234,39.11000061035156,39.5099983215332,36660400,1448452342.4667358
2024-11-06,42.31999969482422,43.630001068115234,41.86000061035156,43.400001525878906,97138100,4215793688.220978
2024-11-07,42.709999084472656,43.84000015258789,42.470001220703125,43.599998474121094,40670200,1773220657.9421997
2024-11-08,43.439998626708984,44.09000015258789,43.099998474121094,43.689998626708984,44183700,1930385792.3229218
2024-11-11,46.65999984741211,49.88999938964844,46.529998779296875,49.56999969482422,96319200,4774542714.605713
2024-11-12,49.02000045776367,51.2599983215332,48.51499938964844,51.04999923706055,77294900,3945904586.0286713
2024-11-13,51.2400016784668,53.255001068115234,50.86000061035156,51.040000915527344,103319300,5273417166.591644
2024-11-14,51.9900016784668,52.29999923706055,49.70000076293945,49.72999954223633,60782800,3022728616.1758423
2024-11-15,50.84000015258789,52.16999816894531,49.92499923706055,52.130001068115234,46939400,2446950972.136688
2024-11-18,51.5,52.80500030517578,51.040000915527344,52.130001068115234,61022200,3181087351.1787415
2024-11-19,52.15999984741211,53.65999984741211,51.90999984741211,52.70000076293945,80884000,4262586861.7095947
2024-11-20,53.880001068115234,54.16999816894531,53.060001373291016,53.720001220703125,70154500,3768699825.6378174
2024-11-21,55.40999984741211,56.505001068115234,54.40999984741211,55.900001525878906,93957600,5252229983.36792
2024-11-22,55.63999938964844,56.86000061035156,55.310001373291016,56.4900016784668,66020400,3729492506.8130493
2024-11-25,55.40999984741211,55.4900016784668,53.66999816894531,54.02000045776367,69396700,3748809765.767288
2024-11-26,52.439998626708984,53.994998931884766,51.540000915527344,51.70000076293945,67423300,3485784661.4398956
2024-11-27,53.83000183105469,55.4900016784668,53.65999984741211,55.029998779296875,61783500,3399945929.5806885
2024-11-29,55.47999954223633,56.36000061035156,55.209999084472656,55.209999084472656,30337300,1674922305.2253723
2024-12-02,54.65999984741211,55.54499816894531,53.75,54.47999954223633,52619400,2866704887.9127502
2024-12-03,53.619998931884766,54.939998626708984,53.28300094604492,54.459999084472656,39000400,2123961748.2940674
2024-12-04,54.61000061035156,56.61000061035156,53.900001525878906,56.41999816894531,58655300,3309331918.598938
2024-12-05,58.595001220703125,59.15999984741211,55.70000076293945,56.400001525878906,89447600,5044844776.486206
2024-12-06,56.599998474121094,58.209999084472656,56.18000030517578,57.79999923706055,50017000,2890982561.8400574
2024-12-09,56.40999984741211,57.25,54.6349983215332,54.72999954223633,55677600,3047235022.5128174
2024-12-10,55.79999923706055,56.0,53.619998931884766,54.900001525878906,48810000,2679669074.4781494
2024-12-11,56.189998626708984,57.97999954223633,56.040000915527344,57.720001220703125,48872600,2820926531.6589355
2024-12-12,57.77000045776367,58.45000076293945,56.470001220703125,56.91999816894531,38811300,2209139124.934387
2024-12-13,57.20000076293945,58.09000015258789,56.72999954223633,57.90999984741211,37881700,2193729241.2197113
2024-12-16,59.43000030517578,61.46500015258789,59.380001068115234,60.220001220703125,63994100,3853724780.117798
2024-12-17,61.369998931884766,61.75,60.150001525878906,60.72999954223633,49617700,3013282898.2868195
2024-12-18,59.560001373291016,59.78499984741211,56.81999969482422,57.18000030517578,69862700,3994749207.320404
2024-12-19,58.19499969482422,58.47999954223633,54.279998779296875,54.720001220703125,79563900,4353736705.123901
2024-12-20,54.07500076293945,55.65999984741211,53.93000030517578,54.810001373291016,55327900,3032522274.981308
2024-12-23,54.27000045776367,54.34000015258789,52.5,52.869998931884766,44528500,2354221747.438431
2024-12-24,55.05500030517578,56.40800094604492,54.880001068115234,56.22999954223633,27692700,1557160508.323288
2024-12-26,54.41999816894531,54.959999084472656,54.060001373291016,54.29999923706055,26500600,1438982559.7816467
2024-12-27,54.779998779296875,54.81999969482422,52.959999084472656,53.68000030517578,35983000,1931567450.9811401
2024-12-30,52.79999923706055,53.939998626708984,51.77000045776367,53.54999923706055,39340000,2106656969.985962
2024-12-31,54.47800064086914,54.72999954223633,52.900001525878906,53.04999923706055,30143600,1599117957.0022583
2025-01-02,54.89500045776367,55.72999954223633,54.59000015258789,55.369998931884766,41029200,2271786760.1760864
2025-01-03,55.22999954223633,56.40999984741211,54.970001220703125,55.959999084472656,32839500,1837698389.9345398
2025-01-06,56.3650016784668,58.45500183105469,56.2400016784668,58.16999816894531,47318400,2752511241.357422
2025-01-07,57.310001373291016,57.38199996948242,54.58000183105469,54.790000915527344,57081800,3127511874.2599487
2025-01-08,54.27000045776367,54.61000061035156,52.5099983215332,53.34000015258789,47071000,2510767147.1824646
2025-01-10,53.70000076293945,54.54600143432617,52.39099884033203,53.84000015258789,43996100,2368750030.713272
2025-01-13,51.650001525878906,53.33000183105469,50.689998626708984,53.220001220703125,44866500,2387795184.7686768
2025-01-14,55.040000915527344,55.33000183105469,54.18000030517578,54.83000183105469,30772800,1687272680.3466797
2025-01-15,56.13999938964844,57.349998474121094,53.965999603271484,56.63999938964844,42124700,2385942982.2891235
2025-01-16,56.529998779296875,57.290000915527344,55.29999923706055,57.09000015258789,35548000,2029435325.4241943
2025-01-17,58.51499938964844,60.40999984741211,58.2599983215332,59.619998931884766,70766100,4219074806.4136505
2025-01-21,59.869998931884766,61.08000183105469,58.40999984741211,60.41999816894531,63410700,3831274377.8915405
2025-01-22,59.54999923706055,59.86000061035156,58.7599983215332,59.380001068115234,37667900,2236719942.233658
2025-01-23,58.22999954223633,60.81999969482422,58.15999984741211,58.790000915527344,118197600,6948837012.213135
2025-01-24,59.91999816894531,61.060001373291016,59.560001373291016,59.70000076293945,46082300,2751113345.1580048
2025-01-27,57.31999969482422,58.20000076293945,56.150001525878906,57.66999816894531,61243100,3531889464.8605347
2025-01-28,58.34000015258789,59.060001373291016,57.54499816894531,57.58000183105469,30257000,1742198115.4022217
2025-01-29,58.119998931884766,59.66999816894531,57.65999984741211,59.34000015258789,38059400,2258444801.8074036
2025-01-30,59.72999954223633,60.66999816894531,59.599998474121094,59.720001220703125,33479300,1999383836.8682861
2025-01-31,59.61000061035156,60.400001525878906,57.650001525878906,57.709999084472656,41738300,2408717254.787445
2025-02-03,53.970001220703125,58.1349983215332,53.689998626708984,57.58000183105469,73864900,4253141077.2506714
2025-02-04,56.5099983215332,57.42499923706055,55.72999954223633,56.130001068115234,48597700,2727788952.9079437
2025-02-05,56.209999084472656,56.470001220703125,54.869998931884766,55.33000183105469,24705000,1366927695.236206
2025-02-06,55.93000030517578,56.314998626708984,54.40999984741211,55.119998931884766,28324400,1561240897.7462769
2025-02-07,56.7400016784668,57.04999923706055,54.36000061035156,54.470001220703125,41477300,2259268581.6314697
2025-02-10,55.61000061035156,55.77000045776367,55.08000183105469,55.380001068115234,21331800,1181355106.7848206
2025-02-11,55.11000061035156,55.36000061035156,53.869998931884766,54.11000061035156,27542700,1490335513.81073
2025-02-12,53.83000183105469,55.560001373291016,53.70000076293945,55.15999984741211,34445200,1899997226.7440796
2025-02-13,54.56999969482422,54.880001068115234,54.119998931884766,54.7400016784668,24211200,1325321128.6376953
2025-02-14,54.939998626708984,56.36000061035156,54.75,55.33000183105469,27505400,1521873832.3638916
2025-02-18,54.900001525878906,54.9900016784668,53.029998779296875,53.5099983215332,38190500,2043573590.8985138
2025-02-19,54.83000183105469,55.0,54.220001220703125,54.650001525878906,29062100,1588243809.3452454
2025-02-20,55.630001068115234,56.20000076293945,55.0099983215332,56.040000915527344,25814900,1446667019.6342468
2025-02-21,56.38999938964844,56.54999923706055,53.790000915527344,53.91999816894531,48588600,2619897223.031616
2025-02-24,54.22999954223633,54.470001220703125,53.189998626708984,53.40999984741211,38111600,2035540550.1846313
2025-02-25,50.654998779296875,50.65999984741211,48.66999816894531,50.029998779296875,103835200,5194874929.248047
2025-02-26,48.709999084472656,50.22999954223633,46.689998626708984,47.959999084472656,85749300,4112536349.494171
2025-02-27,49.0099983215332,49.09000015258789,46.900001525878906,47.349998474121094,43346500,2052456708.85849
2025-02-28,46.540000915527344,48.439998626708984,46.064998626708984,47.900001525878906,59648300,2857153661.016083
2025-03-03,52.970001220703125,53.03499984741211,48.36000061035156,48.900001525878906,92274100,4512203630.799103
2025-03-04,47.029998779296875,50.560001373291016,46.279998779296875,49.38999938964844,72360100,3573865294.8349
2025-03-05,51.0099983215332,51.5,49.7599983215332,51.439998626708984,49050700,2523167940.6391144
2025-03-06,51.154998779296875,52.02000045776367,49.880001068115234,50.63999938964844,50275000,2545925969.314575
2025-03-07,50.66999816894531,51.81999969482422,49.130001068115234,49.43000030517578,59351100,2933724891.1125183
2025-03-10,46.9900016784668,47.119998931884766,43.95000076293945,44.90999984741211,85278800,3829870894.987488
2025-03-11,46.29999923706055,47.54999923706055,44.8849983215332,47.2400016784668,48562700,2294102029.5108795
2025-03-12,47.380001068115234,47.64500045776367,45.79499816894531,47.150001525878906,32196200,1518050879.1275024
2025-03-13,47.130001068115234,47.279998779296875,45.380001068115234,45.52000045776367,42870400,1951460627.6245117
2025-03-14,47.3849983215332,48.55500030517578,46.9900016784668,48.13999938964844,43770200,2107097401.28479
2025-03-17,47.15999984741211,48.23500061035156,46.869998931884766,48.060001373291016,28998300,1393658337.8231049
2025-03-18,46.82500076293945,46.91999816894531,46.09000015258789,46.810001373291016,33645500,1574945901.2050629
2025-03-19,47.7400016784668,48.939998626708984,47.540000915527344,48.61000061035156,40812800,1983910232.9101562
2025-03-20,48.38999938964844,49.224998474121094,47.4900016784668,47.849998474121094,30509100,1459860388.4468079
2025-03-21,47.560001373291016,47.9900016784668,47.25,47.70000076293945,18141500,865349563.8408661
2025-03-24,49.63999938964844,50.5,49.59000015258789,50.18000030517578,29833300,1497035003.1044006
2025-03-25,49.86000061035156,50.25,49.5,50.13999938964844,21846300,1095373468.6660767
2025-03-26,49.75,50.02000045776367,48.77000045776367,49.18000030517578,28741800,1413521732.7713013
2025-03-27,49.08000183105469,49.808998107910156,48.79499816894531,49.439998626708984,33004000,1631717714.6759033
2025-03-28,48.470001220703125,48.63999938964844,47.43000030517578,47.560001373291016,37749400,1795361515.8409119
2025-03-31,46.880001068115234,47.689998626708984,46.340999603271484,46.810001373291016,24010800,1123945580.973816
2025-04-01,47.529998779296875,48.650001525878906,46.84199905395508,48.29999923706055,30139700,1455747487.0052338
2025-04-02,48.130001068115234,49.71500015258789,48.040000915527344,49.40999984741211,38654700,1909928721.1017609
2025-04-03,46.59000015258789,47.040000915527344,46.11000061035156,46.56999969482422,40676000,1894281307.58667
2025-04-04,46.939998626708984,48.11000061035156,46.43000030517578,47.709999084472656,68668800,3276188385.131836
2025-04-07,43.68000030517578,46.15999984741211,42.97999954223633,44.27000045776367,107582100,4762659616.247177
2025-04-08,45.540000915527344,45.650001525878906,43.255001068115234,43.59000015258789,50053300,2181823354.6375275
2025-04-09,43.58000183105469,47.189998626708984,43.529998779296875,46.83000183105469,85507900,4004335113.569641
2025-04-10,46.40999984741211,46.4900016784668,44.505001068115234,45.16999816894531,45745700,2066333185.2371216
2025-04-11,46.630001068115234,47.887001037597656,46.18000030517578,47.66999816894531,54223500,2584834145.713806
2025-04-14,48.290000915527344,48.810001373291016,47.54999923706055,48.279998779296875,32514400,1569795192.3095703
2025-04-15,48.79999923706055,49.189998626708984,47.68000030517578,47.7400016784668,24001700,1145841198.2860565
2025-04-16,47.59000015258789,48.63999938964844,47.35499954223633,47.959999084472656,27463000,1317125454.8568726
2025-04-17,48.150001525878906,48.650001525878906,47.6150016784668,48.2599983215332,23963600,1156483295.777893
2025-04-21,49.630001068115234,50.41999816894531,49.095001220703125,49.720001220703125,57126900,2840349537.7349854
2025-04-22,51.0,52.27000045776367,50.880001068115234,52.08000183105469,83738100,4361080401.329041
2025-04-23,53.459999084472656,53.84000015258789,52.27000045776367,53.20000076293945,60960500,3243098646.5091705
2025-04-24,52.75,53.310001373291016,52.650001525878906,53.2599983215332,28476600,1516663668.2029724
2025-04-25,53.619998931884766,54.58000183105469,53.47999954223633,54.27000045776367,48231000,2617496392.0783997
2025-04-28,54.09000015258789,54.16999816894531,53.119998931884766,53.880001068115234,34157200,1840389972.4838257
2025-04-29,53.95000076293945,54.31999969482422,53.755001068115234,54.220001220703125,31214000,1692423118.1030273
2025-04-30,53.75,53.76499938964844,52.7599983215332,53.5099983215332,34189600,1829485438.6138916
2025-05-01,54.9900016784668,55.505001068115234,54.52000045776367,54.95000076293945,52802600,2901502910.285187
2025-05-02,55.15999984741211,55.7400016784668,54.97200012207031,55.189998626708984,43449000,2397950250.3318787
2025-05-05,53.52000045776367,53.970001220703125,53.18000030517578,53.630001068115234,24957700,1338481477.6576996
2025-05-06,53.244998931884766,54.11000061035156,53.02000045776367,53.970001220703125,20578700,1110632464.1204834
2025-05-07,54.9900016784668,55.45500183105469,54.45000076293945,54.68000030517578,29627400,1620026241.041565
2025-05-08,56.540000915527344,57.834999084472656,56.310001373291016,57.619998931884766,55449000,3194971320.7740784
2025-05-09,58.560001373291016,59.00699996948242,58.154998779296875,58.65999984741211,36503700,2141307036.4299774
2025-05-12,59.18000030517578,59.47999954223633,57.22999954223633,57.880001068115234,44350600,2567012775.3715515
2025-05-13,58.97999954223633,59.75,58.457000732421875,59.619998931884766,38312000,2284161399.078369
2025-05-14,59.18000030517578,59.349998474121094,58.31999969482422,58.7400016784668,38499400,2261454820.6199646
2025-05-15,58.279998779296875,59.255001068115234,57.619998931884766,58.66999816894531,33563800,1969188084.5428467
2025-05-16,58.880001068115234,59.5,58.77000045776367,59.20000076293945,37353600,2211333148.498535
2025-05-19,58.290000915527344,60.060001373291016,58.209999084472656,59.9900016784668,50625100,3036999833.9725494
2025-05-20,59.48500061035156,61.04999923706055,59.20000076293945,60.90999984741211,49771100,3031557693.405533
2025-05-21,60.540000915527344,62.529998779296875,60.32500076293945,61.790000915527344,98801900,6104969491.455841
2025-05-22,63.349998474121094,63.70000076293945,62.810001373291016,63.22999954223633,66549500,4207924854.5360565
2025-05-23,61.810001373291016,62.60499954223633,61.43000030517578,61.83000183105469,61971400,3831691775.4730225
2025-05-27,62.84000015258789,63.040000915527344,61.82500076293945,62.5,49538600,3096162500.0
2025-05-28,61.84000015258789,62.025001525878906,60.7599983215332,60.790000915527344,44241900,2689465141.504669
2025-05-29,61.58000183105469,61.61000061035156,59.900001525878906,59.9900016784668,70159800,4208886519.760895
2025-05-30,60.04499816894531,60.2599983215332,58.85499954223633,59.459999084472656,45680000,2716132758.178711
2025-06-02,59.06999969482422,59.55500030517578,58.880001068115234,59.36000061035156,30733500,1824340578.7582397
2025-06-03,59.97999954223633,60.779998779296875,59.709999084472656,60.400001525878906,37381600,2257848697.039795
2025-06-04,59.65999984741211,60.00400161743164,59.15999984741211,59.63999938964844,32365300,1930266472.2457886
2025-06-05,60.150001525878906,60.15999984741211,57.70000076293945,57.869998931884766,57995000,3356170588.054657
2025-06-06,59.09000015258789,59.970001220703125,59.04999923706055,59.2599983215332,34477600,2043142518.1304932
2025-06-09,61.130001068115234,61.86000061035156,60.779998779296875,61.77000045776367,43950300,2714810051.1188507
2025-06-10,62.36000061035156,62.7599983215332,61.54999923706055,62.290000915527344,32894300,2048985977.115631
2025-06-11,62.400001525878906,62.790000915527344,61.60100173950195,61.84000015258789,30336900,1876033900.6290436
2025-06-12,60.70000076293945,61.650001525878906,60.52000045776367,60.70000076293945,36713600,2228515548.010254
2025-06-13,59.619998931884766,60.29499816894531,59.16999816894531,59.7400016784668,42127800,2516714842.7101135
2025-06-16,60.599998474121094,61.95000076293945,60.5099983215332,61.79999923706055,42415200,2621259327.6397705
2025-06-17,60.02000045776367,60.130001068115234,58.689998626708984,59.5,53900700,3207091650.0
2025-06-18,59.064998626708984,59.900001525878906,58.81999969482422,58.970001220703125,40166400,2368612657.03125
2025-06-20,60.27000045776367,60.33000183105469,58.14500045776367,58.66999816894531,35261800,2068809741.4337158
2025-06-23,57.47999954223633,58.7599983215332,56.625,58.66999816894531,63747200,3740048107.2753906
2025-06-24,59.77000045776367,60.470001220703125,59.55500030517578,60.060001373291016,40387200,2425655287.463379
2025-06-25,61.33000183105469,61.525001525878906,60.709999084472656,61.275001525878906,40812500,2500785999.774933
2025-06-26,60.93000030517578,61.279998779296875,60.564998626708984,61.13999938964844,29434600,1799631426.034546
2025-06-27,60.685001373291016,61.25,60.470001220703125,60.720001220703125,35637900,2163933331.503296
2025-06-30,61.27000045776367,61.310001373291016,60.619998931884766,61.209999084472656,34174000,2091790508.7127686
2025-07-01,60.58000183105469,60.92499923706055,59.82500076293945,59.84000015258789,35575500,2128837925.4283905
2025-07-02,61.119998931884766,62.470001220703125,61.0099983215332,62.41999816894531,65900200,4113490363.33313
2025-07-03,62.209999084472656,62.939998626708984,62.01499938964844,62.189998626708984,32662400,2031274611.1450195
2025-07-07,61.630001068115234,61.775001525878906,61.040000915527344,61.400001525878906,37793400,2320514817.668152
2025-07-08,61.900001525878906,62.10499954223633,61.400001525878906,61.81999969482422,29471500,1821928121.006012
2025-07-09,62.290000915527344,63.7599983215332,61.630001068115234,63.58000183105469,56974400,3622432456.323242
2025-07-10,63.13999938964844,64.80999755859375,62.79999923706055,64.5,84144900,5427346050.0
2025-07-11,66.87999725341797,67.23500061035156,66.29100036621094,67.20999908447266,78031900,5244523927.559662
2025-07-14,69.16999816894531,69.45999908447266,67.73500061035156,68.18000030517578,68391600,4662939308.87146
2025-07-15,66.93000030517578,67.4000015258789,65.7699966430664,66.16000366210938,82079400,5430373404.58374
2025-07-16,67.55000305175781,68.23999786376953,67.14199829101562,67.83000183105469,58547500,3971277032.2036743
2025-07-17,67.03500366210938,68.21499633789062,66.81999969482422,67.6500015258789,45310300,3065241864.138031
2025-07-18,67.54000091552734,67.83799743652344,66.54499816894531,66.68000030517578,51010400,3401373487.5671387
2025-07-21,67.20999908447266,67.80500030517578,66.2300033569336,66.33000183105469,47080800,3122869550.2075195
2025-07-22,67.7699966430664,68.38999938964844,66.79000091552734,67.81999969482422,45383900,3077936084.149933
2025-07-23,67.11000061035156,67.51000213623047,66.66000366210938,67.29000091552734,34878700,2346987754.9324036
2025-07-24,67.5,67.9800033569336,66.96499633789062,67.66000366210938,33249900,2249688355.7647705
2025-07-25,66.08999633789062,66.56999969482422,65.3499984741211,66.36000061035156,53995700,3583154684.95636
2025-07-28,67.40499877929688,67.73999786376953,66.69999694824219,67.0999984741211,38748000,2599990740.875244
2025-07-29,67.61000061035156,67.66500091552734,66.37000274658203,66.70999908447266,38407300,2562150947.8370667
2025-07-30,66.77999877929688,67.52999877929688,65.72000122070312,66.37000274658203,40903100,2714738859.3437195
2025-07-31,67.12000274658203,67.58000183105469,66.29000091552734,66.31999969482422,41463100,2749832779.346466
2025-08-01,65.6500015258789,65.73999786376953,64.13999938964844,64.22000122070312,69829700,4484463419.241333
2025-08-04,64.79199981689453,65.73999786376953,64.73400115966797,65.19999694824219,29985200,1955034948.4924316
2025-08-05,64.86000061035156,65.12000274658203,63.93000030517578,64.55000305175781,31327700,2022203130.6045532
2025-08-06,64.70999908447266,65.77999877929688,64.47799682617188,65.51000213623047,26866700,1760037574.3934631
2025-08-07,66.19000244140625,66.88999938964844,65.73999786376953,66.83000183105469,41363900,2764349512.739563
2025-08-08,66.37999725341797,66.71600341796875,65.81999969482422,66.12999725341797,29121400,1925798102.015686
2025-08-11,67.87999725341797,68.6500015258789,67.37000274658203,67.63999938964844,43158500,2919240913.658142
2025-08-12,67.7300033569336,68.30000305175781,67.36000061035156,67.94999694824219,33459300,2273559332.89032
2025-08-13,68.55000305175781,69.88999938964844,68.22000122070312,69.83999633789062,54824600,3828949863.2263184
2025-08-14,67.20999908447266,67.87999725341797,66.55000305175781,67.02999877929688,71199600,4772509101.086426
2025-08-15,67.30999755859375,67.36000061035156,66.33999633789062,66.44000244140625,39585100,2630034140.6433105
2025-08-18,65.72000122070312,66.3499984741211,65.18000030517578,66.05000305175781,33918500,2240317028.5110474
2025-08-19,65.73999786376953,65.80599975585938,63.900001525878906,64.19000244140625,56556200,3630342616.07666
2025-08-20,64.36499786376953,64.98999786376953,63.7400016784668,64.9000015258789,40798800,2647842182.2540283
2025-08-21,64.3499984741211,64.76599884033203,63.540000915527344,63.689998626708984,34187100,2177376352.0511627
2025-08-22,63.79999923706055,66.75499725341797,63.560001373291016,66.25,66739200,4421472000.0
2025-08-25,63.45000076293945,64.19499969482422,62.7599983215332,62.880001068115234,55863400,3512690651.6685486
2025-08-26,62.40999984741211,63.18000030517578,62.11000061035156,63.099998474121094,41469300,2616712766.72287
2025-08-27,63.244998931884766,64.0199966430664,63.04499816894531,63.650001525878906,33800800,2151420971.5759277
2025-08-28,64.21499633789062,64.37999725341797,63.55500030517578,63.58000183105469,30895800,1964355020.5718994
2025-08-29,62.779998779296875,62.83000183105469,61.310001373291016,61.439998626708984,52647000,3234631607.700348
2025-09-02,62.1349983215332,63.540000915527344,61.939998626708984,62.970001220703125,46457400,2925422534.7106934
2025-09-03,63.2599983215332,64.0,63.13600158691406,63.77000045776367,34218100,2182088252.663803
2025-09-04,62.93000030517578,63.0099983215332,62.060001373291016,62.349998474121094,32780400,2043857889.981079
2025-09-05,64.12000274658203,64.34500122070312,62.54499816894531,63.41999816894531,47921800,3039200468.2525635
2025-09-08,63.7599983215332,64.19000244140625,63.529998779296875,63.70000076293945,37129800,2365168288.3277893
2025-09-09,64.0999984741211,64.19000244140625,62.869998931884766,63.220001220703125,36145400,2285112232.1228027
2025-09-10,64.5999984741211,65.02999877929688,64.2699966430664,64.52999877929688,45183000,2915658934.8449707
2025-09-11,64.625,65.20999908447266,64.57499694824219,65.02999877929688,34658200,2253822703.692627
2025-09-12,65.31999969482422,66.44999694824219,65.22000122070312,66.37999725341797,48551100,3222821884.650421
2025-09-15,65.36000061035156,65.66000366210938,64.93000030517578,65.5,34018400,2228205200.0
2025-09-16,65.56999969482422,66.47000122070312,65.13999938964844,66.37000274658203,33920600,2251310315.1657104
2025-09-17,66.02999877929688,66.19000244140625,65.0999984741211,65.66999816894531,46293700,3040107194.2337036
2025-09-18,66.7300033569336,67.04000091552734,66.4800033569336,66.75,38481200,2568620100.0
2025-09-19,66.01000213623047,66.19999694824219,65.33999633789062,65.37000274658203,32989400,2156517168.6080933
2025-09-22,64.17500305175781,64.45999908447266,63.58000183105469,63.650001525878906,42504100,2705386029.8561096
2025-09-23,64.16000366210938,64.38999938964844,63.33000183105469,63.40999984741211,40145000,2545594443.874359
2025-09-24,64.19999694824219,64.77999877929688,64.06999969482422,64.41999816894531,30977600,1995576935.2783203
2025-09-25,63.380001068115234,63.43000030517578,61.58000183105469,62.099998474121094,63817400,3963060442.6223755
2025-09-26,62.0099983215332,62.650001525878906,61.66999816894531,61.939998626708984,48826000,3024282372.947693
2025-09-29,63.720001220703125,65.04000091552734,63.650001525878906,64.97000122070312,51102300,3320116493.3807373
2025-09-30,64.4000015258789,65.11000061035156,64.0999984741211,65.0,38099900,2476493500.0
2025-10-01,66.30000305175781,67.2300033569336,66.1500015258789,66.73999786376953,57783300,3856457318.561554
2025-10-02,67.76000213623047,68.83999633789062,67.37000274658203,68.7699966430664,62252200,4281083585.0234985
2025-10-03,68.6050033569336,70.52999877929688,68.22000122070312,69.80999755859375,83244100,5811270417.767334
2025-10-06,71.01000213623047,71.81999969482422,70.70999908447266,71.29000091552734,68777400,4903140908.96759
2025-10-07,70.97000122070312,71.0,68.52999877929688,69.12999725341797,81680200,5646552001.65863
2025-10-08,69.58000183105469,70.58999633789062,69.12000274658203,70.05999755859375,54245600,3800446603.564453
2025-10-09,70.1500015258789,70.16000366210938,67.94999694824219,68.73999786376953,55757600,3832777304.888916
2025-10-10,69.31999969482422,69.66000366210938,65.80000305175781,66.19999694824219,104949200,6947636719.720459
2025-10-13,64.95999908447266,65.8759994506836,64.62000274658203,65.80999755859375,71877400,4730251518.518066
2025-10-14,62.90999984741211,64.52999877929688,62.3650016784668,63.90999984741211,75710400,4838651652.44751
2025-10-15,63.290000915527344,63.77000045776367,62.4900016784668,63.16999816894531,49569100,3131279956.236267
2025-10-16,63.095001220703125,63.29999923706055,61.01499938964844,61.43000030517578,89080600,5472221285.185242
2025-10-17,59.88999938964844,61.029998779296875,59.310001373291016,60.470001220703125,94055300,5687524105.813599
2025-10-20,62.880001068115234,63.439998626708984,62.36000061035156,62.93000030517578,51770200,3257898701.799011
2025-10-21,61.72999954223633,64.80000305175781,61.41999816894531,63.4900016784668,82011100,5206884876.652908
2025-10-22,61.41999816894531,61.974998474121094,60.959999084472656,61.209999084472656,72451100,4434731764.669037
2025-10-23,61.959999084472656,63.236000061035156,61.709999084472656,62.560001373291016,41591300,2601951785.1169586
2025-10-24,63.16999816894531,63.2599983215332,62.29499816894531,62.83000183105469,39980900,2512000020.2072144
2025-10-27,65.375,65.76000213623047,65.0,65.27999877929688,49298000,3218173379.8217773
2025-10-28,65.3499984741211,65.97000122070312,64.41000366210938,64.48999786376953,47609800,3070355900.2944946
2025-10-29,64.48500061035156,64.51000213623047,62.0,62.75,76944400,4828261100.0
2025-10-30,61.529998779296875,61.59000015258789,60.279998779296875,60.400001525878906,57355600,3464278327.5177
2025-10-31,62.349998474121094,63.029998779296875,61.619998931884766,62.29999923706055,47300700,2946833573.91243
2025-11-03,61.01499938964844,61.38999938964844,59.744998931884766,60.529998779296875,51820400,3136688748.742676
2025-11-04,58.880001068115234,59.4900016784668,56.48500061035156,57.18000030517578,105318000,6022083272.140503
2025-11-05,58.255001068115234,59.38999938964844,57.959999084472656,58.91999816894531,51487200,3033625729.724121
2025-11-06,58.400001525878906,58.40999984741211,56.90399932861328,57.2599983215332,54876200,3142211119.8921204
2025-11-07,56.880001068115234,58.959999084472656,56.38999938964844,58.880001068115234,64022300,3769633092.383194
2025-11-10,60.29899978637695,60.36000061035156,59.400001525878906,60.189998626708984,51036700,3071898902.9117584
2025-11-11,59.33000183105469,59.40999984741211,58.25,58.349998474121094,33993800,1983538178.1295776
2025-11-12,59.470001220703125,59.560001373291016,57.16999816894531,57.59000015258789,41656400,2398992082.356262
2025-11-13,58.119998931884766,58.70000076293945,55.47999954223633,55.59000015258789,78277800,4351462913.944244
2025-11-14,54.09000015258789,55.28499984741211,53.380001068115234,53.474998474121094,94217100,5038259278.7361145
2025-11-17,53.3849983215332,54.44499969482422,51.70000076293945,52.099998474121094,92045900,4795591249.549103
2025-11-18,52.025001525878906,53.244998931884766,51.599998474121094,52.65999984741211,75629000,3982623128.4599304
2025-11-19,51.70500183105469,52.435001373291016,50.20000076293945,50.72999954223633,94744600,4806393514.629364
2025-11-20,51.86000061035156,51.970001220703125,48.7400016784668,48.959999084472656,122462500,5995763887.882233
2025-11-21,47.4900016784668,48.56999969482422,46.68000030517578,47.970001220703125,168213500,8069201800.338745
2025-11-24,48.724998474121094,50.65999984741211,48.33000183105469,50.56999969482422,82759100,4185127661.743927
2025-11-25,49.474998474121094,50.0,48.84000015258789,49.560001373291016,65052800,3224016857.336426
2025-11-26,49.52000045776367,51.33000183105469,49.16999816894531,51.029998779296875,66507200,3393862334.814453
2025-11-28,52.79999923706055,52.849998474121094,51.22999954223633,51.54999923706055,47334600,2440098593.886566
2025-12-01,48.939998626708984,49.20500183105469,47.54999923706055,48.5,89232100,4327756850.0
2025-12-02,50.33000183105469,52.38999938964844,50.150001525878906,51.66999816894531,72757600,3759385058.7768555
2025-12-03,52.54999923706055,53.18000030517578,52.08000183105469,52.7400016784668,57151700,3014180753.927231
2025-12-04,52.665000915527344,52.93000030517578,51.58000183105469,52.5099983215332,40571700,2130419898.9017487
2025-12-05,51.349998474121094,51.935001373291016,50.03499984741211,50.689998626708984,55578500,2817274088.6745453
2025-12-08,51.834999084472656,52.064998626708984,50.83000183105469,51.52000045776367,43121800,2221635155.7395935
2025-12-09,51.22999954223633,53.720001220703125,51.060001373291016,52.849998474121094,55905900,2954626729.6943665
2025-12-10,52.189998626708984,53.654998779296875,51.95500183105469,52.4900016784668,56217000,2950830424.358368
2025-12-11,51.15999984741211,52.119998931884766,50.650001525878906,52.099998474121094,50372600,2624412383.137512
2025-12-12,52.30500030517578,52.619998931884766,50.7599983215332,51.20000076293945,47356200,2424637476.1299133
2025-12-15,50.720001220703125,51.0,48.279998779296875,48.65999984741211,73130500,3558530118.8411713
2025-12-16,49.310001373291016,50.02000045776367,49.22999954223633,49.709999084472656,56074700,2787473285.662079
2025-12-17,49.77000045776367,51.26499938964844,48.36000061035156,48.709999084472656,79012800,3848713415.661621
2025-12-18,50.20000076293945,50.68600082397461,47.869998931884766,47.959999084472656,71534600,3430799350.5081177
2025-12-19,49.91999816894531,50.709999084472656,49.220001220703125,49.90999984741211,62739200,3131313462.426758
2025-12-22,51.0099983215332,51.290000915527344,49.81999969482422,50.09000015258789,50019100,2505456726.632309
2025-12-23,49.68000030517578,50.09000015258789,49.06999969482422,49.650001525878906,43757600,2172564906.768799
2025-12-24,49.459999084472656,49.70000076293945,48.959999084472656,49.459999084472656,22759300,1125674957.1632385
2025-12-26,50.44499969482422,50.5,49.06999969482422,49.61000061035156,38333100,1901705114.3966675
2025-12-29,49.630001068115234,49.9900016784668,49.30500030517578,49.380001068115234,32269300,1593458068.467331
2025-12-30,49.95000076293945,50.72999954223633,49.779998779296875,49.83000183105469,44071800,2196097874.697876
2025-12-31,50.43000030517578,50.43000030517578,49.39500045776367,49.650001525878906,33834300,1679873046.6270447
2026-01-02,50.380001068115234,51.65999984741211,50.13999938964844,50.939998626708984,65968800,3360450581.4056396
2026-01-05,52.61000061035156,53.81999969482422,52.380001068115234,53.459999084472656,76547400,4092223933.918762
2026-01-06,53.540000915527344,53.54999923706055,51.720001220703125,52.45000076293945,54907400,2879893171.8910217
2026-01-07,51.86000061035156,52.22800064086914,51.369998931884766,51.540000915527344,44367000,2286675220.6192017
2026-01-08,50.7599983215332,51.84000015258789,50.560001373291016,51.52000045776367,42787300,2204401715.5864716
2026-01-09,51.345001220703125,52.18000030517578,50.88999938964844,51.15999984741211,39688400,2030458537.9440308
2026-01-12,51.13999938964844,52.380001068115234,51.06999969482422,51.869998931884766,40729100,2112618373.4966278
2026-01-13,52.38999938964844,53.65999984741211,52.21500015258789,53.56999969482422,65696700,3519372198.9509583
2026-01-14,54.2599983215332,55.599998474121094,54.08000183105469,55.439998626708984,85891200,4761808010.046387
2026-01-15,54.90999984741211,55.04999923706055,53.93000030517578,54.0,50521000,2728134000.0
2026-01-16,54.29999923706055,54.369998931884766,53.43000030517578,54.2400016784668,43292300,2348174424.664688
2026-01-20,51.540000915527344,51.779998779296875,50.54999923706055,50.7599983215332,76481100,3882180507.629013
2026-01-21,50.755001068115234,51.34000015258789,49.400001525878906,51.11000061035156,70127800,3584231900.8026123
2026-01-22,50.7599983215332,50.97999954223633,50.119998931884766,50.66999816894531,49100900,2487942513.093567
2026-01-23,50.810001373291016,51.709999084472656,50.13999938964844,50.70000076293945,48026600,2434948656.641388
2026-01-26,49.685001373291016,50.349998474121094,49.321998596191406,49.650001525878906,43973100,2183264482.0976257
2026-01-27,49.9900016784668,50.70000076293945,49.40999984741211,50.630001068115234,51840700,2624694696.3718414
2026-01-28,50.9900016784668,51.310001373291016,50.34000015258789,50.5099983215332,42931400,2168464941.9410706
2026-01-29,49.70000076293945,49.79499816894531,47.119998931884766,47.599998474121094,113944200,5423743746.134949
2026-01-30,46.96500015258789,47.96500015258789,46.36899948120117,47.4900016784668,72346100,3435716410.4305267
2026-02-02,44.25,45.0099983215332,43.974998474121094,44.220001220703125,106528100,4710672712.039185
2026-02-03,44.45500183105469,44.459999084472656,41.29499816894531,43.29999923706055,125821800,5448083844.005585
2026-02-04,42.6349983215332,42.88999938964844,40.79999923706055,41.56999969482422,110932700,4611472305.146027
2026-02-05,39.70000076293945,40.14500045776367,35.29999923706055,36.099998474121094,284371500,10265810716.083527
2026-02-06,38.04999923706055,40.56999969482422,38.0099983215332,39.68000030517578,163384200,6483085105.860901
2026-02-09,39.119998931884766,40.349998474121094,38.810001373291016,40.11000061035156,77526100,3109571918.3181763
2026-02-10,39.224998474121094,39.70000076293945,38.4900016784668,38.970001220703125,61505400,2396865513.079834
2026-02-11,38.560001373291016,38.69200134277344,37.244998931884766,38.290000915527344,71103800,2722564567.097473
2026-02-12,38.52000045776367,38.720001220703125,36.875,37.04999923706055,62511900,2316065847.307205
2026-02-13,38.15999984741211,39.380001068115234,37.88999938964844,38.970001220703125,65553100,2554604387.020874
2026-02-17,38.54499816894531,38.689998626708984,37.73500061035156,38.38999938964844,54882700,2106946819.5022583
2026-02-18,38.0,38.75,37.29999923706055,37.540000915527344,50091300,1880427447.8599548
2026-02-19,37.3849983215332,38.099998474121094,37.20000076293945,38.06999969482422,44587900,1697461339.3928528
2026-02-20,37.9900016784668,38.61000061035156,37.720001220703125,38.41999816894531,62202100,2389804568.104553
2026-02-23,37.46500015258789,37.560001373291016,36.20000076293945,36.54999923706055,61935300,2263735167.747116
2026-02-24,35.720001220703125,36.709999084472656,35.599998474121094,36.529998779296875,47064700,1719273433.5479736
2026-02-25,37.75,39.459999084472656,37.529998779296875,39.22999954223633,79921100,3135304716.415024
2026-02-26,38.619998931884766,38.720001220703125,37.709999084472656,38.2599983215332,51941100,1987266398.8185883
2026-02-27,37.5,37.630001068115234,36.90999984741211,37.189998626708984,48597800,1807352115.261078
2026-03-02,37.189998626708984,39.779998779296875,37.16999816894531,39.19499969482422,101283200,3969794993.0908203
2026-03-03,38.029998779296875,39.13999938964844,37.5,38.70000076293945,70667500,2734832303.915024
2026-03-04,40.70000076293945,42.02000045776367,40.439998626708984,41.439998626708984,115483500,4785636081.407547
2026-03-05,41.13999938964844,41.310001373291016,40.03499984741211,40.38999938964844,61402200,2480034820.5230713
2026-03-06,39.11000061035156,39.189998626708984,38.375,38.599998474121094,57220300,2208703492.688751
2026-03-09,38.9900016784668,39.44499969482422,38.689998626708984,39.130001068115234,73613500,2880496333.627701
2026-03-10,40.185001373291016,40.724998474121094,39.290000915527344,39.709999084472656,62965500,2500359947.353363
2026-03-11,39.83000183105469,40.470001220703125,39.52000045776367,40.06999969482422,46499500,1863234950.8094788
2026-03-12,39.7599983215332,40.08000183105469,39.310001373291016,39.95000076293945,42455300,1696089267.3908234
2026-03-13,41.43000030517578,41.96500015258789,40.16999816894531,40.369998931884766,83099400,3354722689.240265
2026-03-16,41.91999816894531,42.279998779296875,41.3849983215332,41.939998626708984,61056300,2560701138.151932
2026-03-17,41.79499816894531,42.5,41.61000061035156,42.27000045776367,41259400,1744034856.8870544
2026-03-18,41.09000015258789,41.1349983215332,40.16999816894531,40.2599983215332,64030000,2577847692.527771
2026-03-19,39.290000915527344,40.025001525878906,39.0,39.81999969482422,58778600,2340563834.062195
2026-03-20,39.974998474121094,40.0,39.32500076293945,39.77000045776367,50329600,2001608215.0390625
2026-03-23,40.1349983215332,40.720001220703125,39.720001220703125,40.04999923706055,49007900,1962766357.6099396
2026-03-24,40.0,40.119998931884766,39.04499816894531,39.279998779296875,54512900,2141266645.4559326
2026-03-25,40.599998474121094,40.79999923706055,39.97999954223633,40.16999816894531,41787900,1678619866.4840698
2026-03-26,39.30500030517578,39.58000183105469,38.59000015258789,38.81999969482422,43649100,1694458048.6793518
2026-03-27,37.79499816894531,37.81999969482422,37.130001068115234,37.400001525878906,66924500,2502976402.118683
2026-03-30,38.45000076293945,38.54999923706055,37.5,37.68000030517578,41352900,1558177284.6199036
2026-03-31,37.81999969482422,38.849998474121094,37.619998931884766,38.41999816894531,51580700,1981730399.5529175
2026-04-01,38.849998474121094,39.209999084472656,38.474998474121094,38.63999938964844,34296500,1325216739.0670776
2026-04-02,37.4900016784668,38.23500061035156,37.23500061035156,37.970001220703125,34264400,1301019309.8266602
2026-04-06,39.3849983215332,39.900001525878906,39.209999084472656,39.52000045776367,40428400,1597730386.5066528
2026-04-07,38.80500030517578,39.15999984741211,38.369998931884766,39.099998474121094,30502000,1192628153.4576416
2026-04-08,41.08000183105469,41.150001525878906,40.040000915527344,40.41999816894531,60582600,2448748581.0699463
2026-04-09,40.31999969482422,41.150001525878906,39.959999084472656,40.90999984741211,33030900,1351294113.9598846
2026-04-10,41.0,41.59000015258789,40.76499938964844,41.560001373291016,34798000,1446204927.7877808
2026-04-13,40.349998474121094,41.67499923706055,40.138999938964844,41.59000015258789,42989000,1787912516.5596008
2026-04-14,42.25,43.185001373291016,41.869998931884766,42.130001068115234,68489800,2885475347.154999
2026-04-15,42.189998626708984,42.69499969482422,41.720001220703125,42.560001373291016,35561300,1513488976.8360138
2026-04-16,42.494998931884766,42.77000045776367,41.51499938964844,42.72999954223633,37189200,1589094498.9761353
2026-04-17,43.45000076293945,44.459999084472656,43.21500015258789,43.939998626708984,80357500,3530908439.645767
2026-04-20,42.650001525878906,43.37699890136719,42.345001220703125,43.25,37820900,1635753925.0
2026-04-21,43.11000061035156,43.41999816894531,42.400001525878906,42.5099983215332,30898300,1313486681.1382294
2026-04-22,44.5,45.07500076293945,44.380001068115234,44.75,51415300,2300834675.0
2026-04-23,43.9900016784668,44.61000061035156,43.619998931884766,44.04999923706055,40169200,1769453229.3533325
2026-04-24,44.31999969482422,44.40999984741211,43.849998474121094,44.02000045776367,28637100,1260605155.109024
2026-04-27,44.03499984741211,44.369998931884766,43.32500076293945,43.560001373291016,31999800,1393911331.9450378
2026-04-28,43.16999816894531,43.31999969482422,42.849998474121094,43.27000045776367,23774400,1028718298.8830566
2026-04-29,43.560001373291016,43.59000015258789,42.439998626708984,42.75,33991100,1453119525.0
2026-04-30,43.14500045776367,43.46500015258789,43.099998474121094,43.31999969482422,22965200,994852456.9915771
2026-05-01,44.404998779296875,44.790000915527344,44.244998931884766,44.470001220703125,46151400,2052352814.3371582
2026-05-04,44.75,45.790000915527344,44.470001220703125,45.400001525878906,62909400,2856086855.9921265
2026-05-05,46.18000030517578,46.33000183105469,45.880001068115234,46.279998779296875,43996200,2036144082.2937012
2026-05-06,46.40999984741211,46.5099983215332,45.96099853515625,46.189998626708984,36051300,1665209497.4910736
2026-05-07,45.869998931884766,45.880001068115234,45.02000045776367,45.400001525878906,31868200,1446816328.6270142
2026-05-08,45.084999084472656,45.58000183105469,45.029998779296875,45.45000076293945,24590800,1117651878.7612915
2026-05-11,45.959999084472656,46.560001373291016,45.54999923706055,46.470001220703125,31097100,1445082274.9603271
2026-05-12,45.68000030517578,45.83100128173828,45.20500183105469,45.79999923706055,27407800,1255277219.089508
2026-05-13,45.38999938964844,45.435001373291016,44.58000183105469,45.119998931884766,32419900,1462785853.371811
2026-05-14,45.275001525878906,46.525001525878906,45.06999969482422,46.16999816894531,44670300,2062427669.2062378
2026-05-15,45.31999969482422,45.33000183105469,44.5,44.81999969482422,39817900,1784638265.8485413
2026-05-18,43.7400016784668,43.7599983215332,43.025001525878906,43.529998779296875,55893800,2433057045.7702637
2026-05-19,43.34000015258789,43.630001068115234,43.07500076293945,43.5,25399900,1104895650.0
2026-05-20,43.75,44.08000183105469,43.5099983215332,43.9900016784668,21838300,960666853.6548615
2026-05-21,43.75,44.21500015258789,43.400001525878906,44.0,25781200,1134372800.0
2026-05-22,43.744998931884766,43.790000915527344,42.810001373291016,42.959999084472656,30066000,1291635332.473755
2026-05-26,43.45000076293945,44.2400016784668,42.834999084472656,42.9900016784668,84084900,3614809992.133713
2026-05-27,42.5099983215332,42.70000076293945,42.21900177001953,42.45000076293945,35159200,1492508066.8243408
2026-05-28,41.369998931884766,41.720001220703125,41.03499984741211,41.560001373291016,42607600,1770771914.5126343
2026-05-29,41.33000183105469,42.08000183105469,41.013999938964844,41.630001068115234,40077700,1668434693.807602
2026-06-01,40.6150016784668,40.75,39.95500183105469,40.4900016784668,54539200,2208292299.5422363
2026-06-02,39.02000045776367,39.09000015258789,37.57400131225586,38.04999923706055,76815200,2922818301.3946533
2026-06-03,37.790000915527344,38.02000045776367,36.91999816894531,37.0,53124100,1965591700.0
2026-06-04,35.779998779296875,36.529998779296875,35.6150016784668,36.02000045776367,73453900,2645809511.624527
2026-06-05,35.15999984741211,35.290000915527344,33.47999954223633,34.13999938964844,111720800,3814148043.811035
2026-06-08,35.9900016784668,36.380001068115234,35.83000183105469,35.88999938964844,57393000,2059834734.9700928
2026-06-09,35.290000915527344,35.40999984741211,34.38999938964844,35.13999938964844,52492700,1844593445.9609985
2026-06-10,34.83000183105469,35.584999084472656,34.810001373291016,35.08000183105469,37326900,1309427720.3475952
2026-06-11,35.540000915527344,36.19499969482422,35.2599983215332,36.04999923706055,43105800,1553964057.1128845
2026-06-12,35.880001068115234,36.47999954223633,35.66999816894531,36.040000915527344,36430100,1312940837.3527527
2026-06-15,37.84000015258789,38.10499954223633,37.51499938964844,37.7400016784668,52951400,1998385924.8771667
2026-06-16,37.36000061035156,37.52000045776367,36.9900016784668,37.16999816894531,26710500,992829236.0916138
2026-06-17,36.7400016784668,37.61000061035156,36.2400016784668,36.36000061035156,42620000,1549663226.0131836
